site;bioregion;infestation;lineage;quadrat;species;abundance;biomass;pic;notes
Brenton-on-Sea;SOUTH;infested;WEST;1;Acanthochitona garnoti;6;280,40;N;
Brenton-on-Sea;SOUTH;infested;WEST;2;Acanthochitona garnoti;17;701,90;N;
Brenton-on-Sea;SOUTH;infested;WEST;4;Acanthochitona garnoti;1;8,20;N;
Brenton-on-Sea;SOUTH;non infested;WEST;1;Acanthochitona garnoti;5;143,70;N;
Brenton-on-Sea;SOUTH;non infested;WEST;2;Acanthochitona garnoti;16;858,60;N;
Jeffreysbaai;SOUTH;infested;WEST;1;Acanthochitona garnoti;8;452,10;N;
Jeffreysbaai;SOUTH;infested;WEST;2;Acanthochitona garnoti;3;40,20;N;
Jeffreysbaai;SOUTH;infested;WEST;3;Acanthochitona garnoti;6;338,10;N;
Jeffreysbaai;SOUTH;non infested;WEST;1;Acanthochitona garnoti;5;424,80;N;
Jeffreysbaai;SOUTH;non infested;WEST;3;Acanthochitona garnoti;9;516,10;N;
Mosselbaai;SOUTH;infested;WEST;2;Acanthochitona garnoti;1;26,30;N;
Mosselbaai;SOUTH;infested;WEST;3;Acanthochitona garnoti;1;421,70;N;
Mosselbaai;SOUTH;infested;WEST;4;Acanthochitona garnoti;1;34,30;N;
Mosselbaai;SOUTH;non infested;WEST;4;Acanthochitona garnoti;1;15,70;N;
Old Woman's River;SOUTH;infested;EAST;1;Acanthochitona garnoti;1;206,70;N;
Old Woman's River;SOUTH;infested;EAST;2;Acanthochitona garnoti;1;2,60;N;
Old Woman's River;SOUTH;infested;EAST;4;Acanthochitona garnoti;1;109,40;N;
Old Woman's River;SOUTH;infested;WEST;1;Acanthochitona garnoti;3;1366,30;N;
Old Woman's River;SOUTH;infested;WEST;4;Acanthochitona garnoti;1;21,00;N;
Old Woman's River;SOUTH;non infested;EAST;1;Acanthochitona garnoti;1;382,80;N;
Old Woman's River;SOUTH;non infested;EAST;2;Acanthochitona garnoti;1;200,70;N;
Old Woman's River;SOUTH;non infested;EAST;3;Acanthochitona garnoti;1;34,70;N;
Old Woman's River;SOUTH;non infested;EAST;4;Acanthochitona garnoti;2;48,00;N;
Old Woman's River;SOUTH;non infested;WEST;4;Acanthochitona garnoti;2;123,20;N;
Brenton-on-Sea;SOUTH;infested;WEST;1;Actiniaria;51;465,90;N;
Brenton-on-Sea;SOUTH;infested;WEST;2;Actiniaria;20;380,30;N;
Brenton-on-Sea;SOUTH;infested;WEST;4;Actiniaria;20;274,30;N;
Brenton-on-Sea;SOUTH;non infested;WEST;1;Actiniaria;68;259,40;N;
Brenton-on-Sea;SOUTH;non infested;WEST;2;Actiniaria;33;214,50;N;
Brenton-on-Sea;SOUTH;non infested;WEST;3;Actiniaria;36;706,10;N;
Brenton-on-Sea;SOUTH;non infested;WEST;4;Actiniaria;50;1738,30;N;
Jeffreysbaai;SOUTH;infested;WEST;2;Actiniaria;2;3,80;N;
Jeffreysbaai;SOUTH;infested;WEST;3;Actiniaria;2;0,80;N;
Jeffreysbaai;SOUTH;non infested;WEST;3;Actiniaria;10;43,80;N;
Mosselbaai;SOUTH;non infested;WEST;4;Actiniaria;2;105,20;N;
Old Woman's River;SOUTH;infested;EAST;2;Actiniaria;1;14,00;N;
Old Woman's River;SOUTH;infested;WEST;2;Actiniaria;6;84,00;N;
Old Woman's River;SOUTH;non infested;EAST;2;Actiniaria;2;4,60;N;
Old Woman's River;SOUTH;non infested;EAST;3;Actiniaria;3;0,90;N;
Old Woman's River;SOUTH;non infested;EAST;4;Actiniaria;1;29,40;N;
Old Woman's River;SOUTH;non infested;WEST;1;Actiniaria;1;14,00;N;
Old Woman's River;SOUTH;non infested;WEST;2;Actiniaria;1;14,00;N;ID - to check
Port Edward;EAST;infested;EAST;2;Actiniaria;5;60,40;N;
Port Edward;EAST;non infested;EAST;1;Actiniaria;1;12,10;N;
Port Edward;EAST;non infested;EAST;3;Actiniaria;1;0,00;N;
Port Edward;EAST;infested;EAST;2;Affrolittorina africana;1;1,10;N;
Jeffreysbaai;SOUTH;infested;WEST;3;Afrolittorina knysnaensis;1;0,00;N;small
Jeffreysbaai;SOUTH;non infested;WEST;2;Amphipholis squamata;1;7,40;N;
Jeffreysbaai;SOUTH;non infested;WEST;3;Amphipholis squamata;2;5,00;N;
Mosselbaai;SOUTH;infested;WEST;4;Amphipholis squamata;1;0,40;N;
Mosselbaai;SOUTH;non infested;WEST;4;Amphipholis squamata;1;2,00;N;
Old Woman's River;SOUTH;infested;EAST;2;Amphipholis squamata;13;72,30;N;
Old Woman's River;SOUTH;infested;WEST;2;Amphipholis squamata;13;33,50;N;
Old Woman's River;SOUTH;non infested;EAST;2;Amphipholis squamata;20;93,10;N;
Old Woman's River;SOUTH;non infested;EAST;3;Amphipholis squamata;1;3,60;N;
Old Woman's River;SOUTH;non infested;EAST;4;Amphipholis squamata;2;0,90;N;
Old Woman's River;SOUTH;non infested;WEST;1;Amphipholis squamata;1;1,60;N;
Old Woman's River;SOUTH;non infested;WEST;2;Amphipholis squamata;12;75,30;N;
Old Woman's River;SOUTH;non infested;WEST;3;Amphipholis squamata;5;29,80;N;
Old Woman's River;SOUTH;non infested;WEST;4;Amphipholis squamata;1;2,40;N;
Old Woman's River;SOUTH;infested;WEST;2;Amphipoda;2;0,70;N;ID - to check
Old Woman's River;SOUTH;non infested;WEST;1;Amphipoda;1;0,35;N;
Old Woman's River;SOUTH;non infested;WEST;2;Amphipoda;3;1,05;N;ID - to check
Old Woman's River;SOUTH;non infested;WEST;3;Amphipoda;3;1,05;N;ID - to check
Port Edward;EAST;infested;EAST;1;Amphipoda;1;0,20;N;
Port Edward;EAST;infested;EAST;2;Amphipoda;1;0,50;N;
Port Edward;EAST;non infested;EAST;1;Anachis kraussii kraussii;1;0,00;Y;
Port Edward;EAST;non infested;EAST;3;Anachis kraussii kraussii;1;0,00;N;
Old Woman's River;SOUTH;infested;WEST;2;Arabella iricolor;2;4,90;N;
Old Woman's River;SOUTH;non infested;EAST;2;Arabella iricolor;4;6,60;N;
Old Woman's River;SOUTH;non infested;WEST;2;Arabella iricolor;3;26,20;N;
Old Woman's River;SOUTH;non infested;WEST;3;Arabella iricolor;1;1,00;N;
Brenton-on-Sea;SOUTH;non infested;WEST;2;Bivalvia;105;NA;N;
Port Edward;EAST;infested;EAST;1;Brachidontes variabilis;1;0,30;Y;
Port Edward;EAST;non infested;EAST;1;Brachidontes variabilis;2;0,60;N;
Brenton-on-Sea;SOUTH;infested;WEST;2;Burnupena cincta;4;132,40;N;
Brenton-on-Sea;SOUTH;infested;WEST;1;Burnupena lagenaria;33;377,00;N;
Brenton-on-Sea;SOUTH;infested;WEST;2;Burnupena lagenaria;35;345,50;N;
Brenton-on-Sea;SOUTH;infested;WEST;4;Burnupena lagenaria;9;78,40;N;
Brenton-on-Sea;SOUTH;non infested;WEST;1;Burnupena lagenaria;14;137,00;N;
Brenton-on-Sea;SOUTH;non infested;WEST;2;Burnupena lagenaria;18;173,70;N;
Brenton-on-Sea;SOUTH;non infested;WEST;3;Burnupena lagenaria;11;247,20;N;
Brenton-on-Sea;SOUTH;non infested;WEST;4;Burnupena lagenaria;20;1106,00;N;
Jeffreysbaai;SOUTH;infested;WEST;1;Burnupena lagenaria;1;82,00;N;
Jeffreysbaai;SOUTH;infested;WEST;2;Burnupena lagenaria;7;21,20;N;
Jeffreysbaai;SOUTH;infested;WEST;3;Burnupena lagenaria;3;4,40;N;
Jeffreysbaai;SOUTH;non infested;WEST;1;Burnupena lagenaria;1;40,00;N;
Jeffreysbaai;SOUTH;non infested;WEST;2;Burnupena lagenaria;1;2,00;N;
Jeffreysbaai;SOUTH;non infested;WEST;3;Burnupena lagenaria;12;194,00;N;
Old Woman's River;SOUTH;infested;EAST;1;Burnupena lagenaria;1;28,80;N;
Old Woman's River;SOUTH;infested;EAST;2;Burnupena lagenaria;21;1290,10;N;
Old Woman's River;SOUTH;infested;EAST;4;Burnupena lagenaria;2;172,50;N;
Old Woman's River;SOUTH;infested;WEST;1;Burnupena lagenaria;7;242,10;N;
Old Woman's River;SOUTH;infested;WEST;2;Burnupena lagenaria;12;440,00;N;
Old Woman's River;SOUTH;infested;WEST;4;Burnupena lagenaria;1;28,02;N;
Old Woman's River;SOUTH;non infested;EAST;1;Burnupena lagenaria;5;160,90;N;
Old Woman's River;SOUTH;non infested;EAST;2;Burnupena lagenaria;7;160,60;N;
Old Woman's River;SOUTH;non infested;EAST;3;Burnupena lagenaria;1;20,90;N;
Old Woman's River;SOUTH;non infested;EAST;4;Burnupena lagenaria;1;28,02;N;
Old Woman's River;SOUTH;non infested;WEST;1;Burnupena lagenaria;2;18,20;N;
Old Woman's River;SOUTH;non infested;WEST;2;Burnupena lagenaria;23;1464,60;N;
Old Woman's River;SOUTH;non infested;WEST;3;Burnupena lagenaria;3;90,80;N;
Old Woman's River;SOUTH;non infested;WEST;4;Burnupena lagenaria;6;323,40;N;
Port Edward;EAST;infested;EAST;2;Burnupena lagenaria;3;8,70;N;
Port Edward;EAST;infested;EAST;1;Cellana capensis;2;2,70;N;
Port Edward;EAST;non infested;EAST;2;Cellana capensis;3;29,80;N;
Old Woman's River;SOUTH;non infested;EAST;3;Cerebratulus fuscus;1;0,00;N;ID - to check
Brenton-on-Sea;SOUTH;non infested;WEST;2;Choromytilus meridionalis;17;378,80;N;
Mosselbaai;SOUTH;non infested;WEST;2;Chthamalus dentatus;3;1,00;N;
Mosselbaai;SOUTH;non infested;WEST;3;Chthamalus dentatus;7;4,20;Y;
Old Woman's River;SOUTH;non infested;EAST;4;Chthamalus dentatus;1;0,40;N;
Port Edward;EAST;infested;EAST;3;Chthamalus dentatus;5;4,10;N;
Port Edward;EAST;non infested;EAST;3;Chthamalus dentatus;1;0,50;N;
Jeffreysbaai;SOUTH;non infested;WEST;1;Cirolana cranchii;9;24,40;N;ID - to check
Jeffreysbaai;SOUTH;non infested;WEST;3;Cirolana cranchii;2;13,90;N;
Mosselbaai;SOUTH;infested;WEST;3;Cirolana cranchii;1;2,10;Y;
Mosselbaai;SOUTH;infested;WEST;4;Cirolana cranchii;1;3,83;Y;
Old Woman's River;SOUTH;non infested;WEST;1;Cirolana cranchii;2;7,66;N;ID - to check
Old Woman's River;SOUTH;non infested;WEST;4;Cirolana cranchii;1;9,40;N;
Mosselbaai;SOUTH;non infested;WEST;4;Cirolana hirtipes;10;20,80;N;ID - check
Brenton-on-Sea;SOUTH;infested;WEST;1;Cirolana sp.;3;2,70;N;ID - to check
Brenton-on-Sea;SOUTH;infested;WEST;2;Cirolana sp.;3;2,70;N;ID - to check
Brenton-on-Sea;SOUTH;non infested;WEST;2;Cirolana sp.;4;3,60;N;ID - to check
Jeffreysbaai;SOUTH;infested;WEST;1;Cirolana sp.;1;0,90;N;ID - to check
Jeffreysbaai;SOUTH;infested;WEST;2;Cirolana sp.;5;4,50;N;ID - to check
Mosselbaai;SOUTH;non infested;WEST;3;Cirolana sp.;1;0,90;N;ID - no telson
Old Woman's River;SOUTH;non infested;EAST;3;Cirolana sp.;2;1,80;N;
Mosselbaai;SOUTH;non infested;WEST;1;Cirolana venusticauda;2;0,80;Y;
Old Woman's River;SOUTH;non infested;WEST;2;Cirriformia sp.;2;NA;N;ID - to check
Mosselbaai;SOUTH;non infested;WEST;1;Cirripedia;5;1,50;N;ID - w/ 6 plates
Port Edward;EAST;non infested;EAST;2;Cirripedia;1;0,00;N;
Port Edward;EAST;non infested;EAST;3;Cirripedia;1;0,00;N;
Old Woman's River;SOUTH;non infested;EAST;2;Clinus sp.;1;NA;N;ID - to check
Old Woman's River;SOUTH;infested;EAST;4;Crepidula porcellana;1;0,00;N;small
Brenton-on-Sea;SOUTH;infested;WEST;1;Cyclograpsus punctatus;1;14,60;N;
Jeffreysbaai;SOUTH;infested;WEST;1;Cyclograpsus punctatus;4;149,40;N;
Jeffreysbaai;SOUTH;non infested;WEST;1;Cyclograpsus punctatus;4;263,10;N;
Mosselbaai;SOUTH;infested;WEST;1;Cyclograpsus punctatus;1;152,90;N;
Mosselbaai;SOUTH;infested;WEST;2;Cyclograpsus punctatus;3;239,70;N;
Mosselbaai;SOUTH;infested;WEST;3;Cyclograpsus punctatus;3;785,80;N;
Mosselbaai;SOUTH;non infested;WEST;3;Cyclograpsus punctatus;4;50,80;N;minus 1 for biomass
Old Woman's River;SOUTH;infested;WEST;1;Cymbula granatina;1;8,10;N;
Old Woman's River;SOUTH;infested;WEST;4;Cymbula granatina;1;37,30;N;
Old Woman's River;SOUTH;non infested;EAST;1;Cymbula granatina;1;34,50;N;
Old Woman's River;SOUTH;non infested;EAST;4;Cymbula granatina;1;180,80;N;
Old Woman's River;SOUTH;non infested;WEST;1;Cymbula granatina;1;6,80;N;
Jeffreysbaai;SOUTH;infested;WEST;1;Cymbula oculus;1;34,20;N;recorded during biomass
Jeffreysbaai;SOUTH;infested;WEST;3;Cymbula oculus;1;94,10;N;
Jeffreysbaai;SOUTH;non infested;WEST;3;Cymbula oculus;1;0,40;N;
Old Woman's River;SOUTH;infested;EAST;1;Cymbula oculus;1;66,50;N;
Old Woman's River;SOUTH;infested;EAST;2;Cymbula oculus;2;275,50;N;
Old Woman's River;SOUTH;infested;EAST;4;Cymbula oculus;2;221,00;N;
Old Woman's River;SOUTH;infested;WEST;2;Cymbula oculus;1;15,00;N;
Old Woman's River;SOUTH;infested;WEST;4;Cymbula oculus;1;16,40;N;
Old Woman's River;SOUTH;non infested;EAST;2;Cymbula oculus;1;54,10;N;
Old Woman's River;SOUTH;non infested;EAST;3;Cymbula oculus;1;44,50;N;
Old Woman's River;SOUTH;non infested;EAST;4;Cymbula oculus;1;0,70;N;
Old Woman's River;SOUTH;non infested;WEST;1;Cymbula oculus;2;44,00;N;
Old Woman's River;SOUTH;non infested;WEST;3;Cymbula oculus;3;15,10;N;
Port Edward;EAST;non infested;EAST;1;Cymbula oculus;1;48,97;N;
Port Edward;EAST;infested;EAST;1;Cymbula sanguinans;5;12,30;N;
Port Edward;EAST;non infested;EAST;1;Cymbula sanguinans;2;34,60;N;
Port Edward;EAST;non infested;EAST;2;Cymbula sanguinans;5;125,60;N;
Port Edward;EAST;non infested;EAST;3;Cymbula sanguinans;2;27,50;N;
Mosselbaai;SOUTH;infested;WEST;1;Desis formidabilis;1;12,70;N;
Mosselbaai;SOUTH;non infested;WEST;1;Desis formidabilis;2;4,20;N;
Mosselbaai;SOUTH;non infested;WEST;4;Desis formidabilis;1;2,20;N;
Old Woman's River;SOUTH;infested;WEST;1;Desis formidabilis;1;5,90;N;
Old Woman's River;SOUTH;non infested;EAST;4;Desis formidabilis;1;11,00;N;
Old Woman's River;SOUTH;non infested;WEST;1;Desis formidabilis;1;22,40;N;
Port Edward;EAST;non infested;EAST;1;Eoacmaea albonotata;2;3,20;Y;
Mosselbaai;SOUTH;infested;WEST;1;Errantia;3;1,80;N;3 bits of polychaete
Mosselbaai;SOUTH;non infested;WEST;4;Errantia;12;5,20;N;12 bits of polychaete
Old Woman's River;SOUTH;non infested;EAST;2;Errantia;5;174,20;N;ID - to check
Port Edward;EAST;non infested;EAST;4;Errantia;1;0,00;N;squishy worm
Jeffreysbaai;SOUTH;non infested;WEST;3;Exosphaeroma truncatitelson;2;0,70;N;
Mosselbaai;SOUTH;non infested;WEST;1;Exosphaeroma truncatitelson;2;1,30;Y;
Mosselbaai;SOUTH;non infested;WEST;4;Exosphaeroma truncatitelson;4;3,20;Y;
Brenton-on-Sea;SOUTH;infested;WEST;4;Fissurella mutabilis;1;3,70;N;
Brenton-on-Sea;SOUTH;non infested;WEST;1;Fissurella mutabilis;1;14,50;N;
Brenton-on-Sea;SOUTH;non infested;WEST;3;Fissurella mutabilis;6;9,50;N;
Brenton-on-Sea;SOUTH;non infested;WEST;4;Fissurella mutabilis;6;72,80;N;
Jeffreysbaai;SOUTH;non infested;WEST;3;Fissurella mutabilis;2;6,40;N;
Old Woman's River;SOUTH;infested;EAST;2;Fissurella natalensis;12;135,50;N;
Old Woman's River;SOUTH;infested;WEST;2;Fissurella natalensis;4;5,90;N;
Old Woman's River;SOUTH;non infested;EAST;2;Fissurella natalensis;8;92,40;N;
Old Woman's River;SOUTH;non infested;WEST;2;Fissurella natalensis;7;56,40;N;
Port Edward;EAST;infested;EAST;1;Fissurella natalensis;3;32,40;N;
Port Edward;EAST;infested;EAST;2;Fissurella natalensis;5;138,70;N;
Port Edward;EAST;infested;EAST;3;Fissurella natalensis;1;246,40;N;
Port Edward;EAST;non infested;EAST;1;Fissurella natalensis;3;176,90;N;
Port Edward;EAST;non infested;EAST;3;Fissurella natalensis;3;14,40;N;
Port Edward;EAST;non infested;EAST;4;Fissurella natalensis;2;36,60;Y;
Brenton-on-Sea;SOUTH;non infested;WEST;1;Gastropoda;2;1,20;N;2 limpet meat
Mosselbaai;SOUTH;non infested;WEST;3;Gastropoda;1;2,70;N;1 limpet meat
Port Edward;EAST;infested;EAST;1;Gastropoda;4;29,50;N;4 limpet meat
Port Edward;EAST;infested;EAST;2;Gastropoda;2;4,70;N;2 limpet meat
Port Edward;EAST;infested;EAST;3;Gastropoda;1;7,00;N;1 limpet meat
Port Edward;EAST;non infested;EAST;2;Gastropoda;3;2,90;N;1 snail + 2 limpet meat
Port Edward;EAST;non infested;EAST;3;Gastropoda;4;17,10;N;4 limpet meat
Jeffreysbaai;SOUTH;non infested;WEST;2;Gibbula cicer;1;3,20;N;
Jeffreysbaai;SOUTH;non infested;WEST;3;Gibbula cicer;1;0,10;N;
Old Woman's River;SOUTH;infested;EAST;2;Gibbula cicer;7;4,41;N;
Old Woman's River;SOUTH;infested;WEST;1;Gibbula cicer;NA;NA;N;
Old Woman's River;SOUTH;infested;WEST;2;Gibbula cicer;5;1,00;N;
Old Woman's River;SOUTH;infested;WEST;3;Gibbula cicer;1;0,00;Y;
Old Woman's River;SOUTH;non infested;EAST;2;Gibbula cicer;7;4,60;N;
Old Woman's River;SOUTH;non infested;EAST;3;Gibbula cicer;4;2,52;N;
Old Woman's River;SOUTH;non infested;WEST;2;Gibbula cicer;7;4,90;N;
Old Woman's River;SOUTH;non infested;WEST;4;Gibbula cicer;4;2,52;N;
Port Edward;EAST;infested;EAST;1;Gibbula multicolor;1;0,50;N;
Port Edward;EAST;infested;EAST;2;Gibbula multicolor;2;1,00;N;
Port Edward;EAST;non infested;EAST;1;Gibbula multicolor;3;1,50;N;
Port Edward;EAST;non infested;EAST;3;Gibbula multicolor;1;0,50;N;
Port Edward;EAST;non infested;EAST;4;Gibbula multicolor;1;0,00;Y;
Brenton-on-Sea;SOUTH;non infested;WEST;3;Guinusia chabrus;1;64,30;N;
Jeffreysbaai;SOUTH;infested;WEST;2;Guinusia chabrus;1;41,00;N;
Old Woman's River;SOUTH;infested;WEST;1;Guinusia chabrus;4;182,20;N;
Old Woman's River;SOUTH;infested;WEST;2;Guinusia chabrus;1;188,90;N;
Old Woman's River;SOUTH;infested;WEST;3;Guinusia chabrus;1;43,40;N;
Old Woman's River;SOUTH;non infested;EAST;1;Guinusia chabrus;2;218,70;N;
Old Woman's River;SOUTH;non infested;EAST;2;Guinusia chabrus;1;46,30;N;
Old Woman's River;SOUTH;non infested;WEST;1;Guinusia chabrus;2;228,50;N;
Old Woman's River;SOUTH;non infested;WEST;2;Guinusia chabrus;2;167,20;N;
Old Woman's River;SOUTH;non infested;WEST;4;Guinusia chabrus;1;63,00;N;
Old Woman's River;SOUTH;infested;EAST;2;Gunnarea gaimardi;1;12,80;N;
Old Woman's River;SOUTH;infested;EAST;4;Gunnarea gaimardi;1;1,60;N;
Old Woman's River;SOUTH;infested;WEST;2;Gunnarea gaimardi;1;1,60;N;
Old Woman's River;SOUTH;infested;WEST;4;Gunnarea gaimardi;1;0,60;N;
Old Woman's River;SOUTH;non infested;EAST;2;Gunnarea gaimardi;1;12,60;N;
Port Edward;EAST;infested;EAST;1;Helcion concolor;4;52,80;N;
Port Edward;EAST;infested;EAST;2;Helcion concolor;2;10,10;N;
Port Edward;EAST;infested;EAST;3;Helcion concolor;14;70,50;N;
Port Edward;EAST;non infested;EAST;2;Helcion concolor;3;3,90;N;
Port Edward;EAST;non infested;EAST;3;Helcion concolor;1;1,90;N;
Port Edward;EAST;non infested;EAST;4;Helcion concolor;2;0,30;Y;
Old Woman's River;SOUTH;non infested;WEST;4;Helcion dunkeri;2;1,50;N;
Port Edward;EAST;infested;EAST;2;Helcion dunkeri;11;8,70;Y;
Port Edward;EAST;infested;EAST;3;Helcion dunkeri;10;21,30;N;
Jeffreysbaai;SOUTH;infested;WEST;2;Helcion pruinosus;1;6,40;N;
Mosselbaai;SOUTH;infested;WEST;1;Helcion pruinosus;1;4,10;Y;
Mosselbaai;SOUTH;non infested;WEST;3;Helcion pruinosus;2;11,40;N;
Old Woman's River;SOUTH;infested;EAST;2;Helcion pruinosus;2;4,40;N;
Old Woman's River;SOUTH;infested;EAST;3;Helcion pruinosus;1;1,50;N;
Old Woman's River;SOUTH;infested;WEST;1;Helcion pruinosus;4;7,70;N;
Old Woman's River;SOUTH;infested;WEST;2;Helcion pruinosus;5;37,10;N;
Old Woman's River;SOUTH;infested;WEST;3;Helcion pruinosus;5;16,20;N;
Old Woman's River;SOUTH;infested;WEST;4;Helcion pruinosus;3;0,50;N;
Old Woman's River;SOUTH;non infested;EAST;1;Helcion pruinosus;2;1,30;N;
Old Woman's River;SOUTH;non infested;EAST;2;Helcion pruinosus;4;12,00;N;
Old Woman's River;SOUTH;non infested;EAST;3;Helcion pruinosus;1;0,20;N;
Old Woman's River;SOUTH;non infested;EAST;4;Helcion pruinosus;4;4,80;N;
Old Woman's River;SOUTH;non infested;WEST;1;Helcion pruinosus;10;4,90;N;
Old Woman's River;SOUTH;non infested;WEST;2;Helcion pruinosus;6;5,00;N;
Old Woman's River;SOUTH;non infested;WEST;3;Helcion pruinosus;1;1,50;N;
Old Woman's River;SOUTH;non infested;WEST;4;Helcion pruinosus;3;0,60;N;
Port Edward;EAST;infested;EAST;1;Helcion pruinosus;7;9,20;N;
Port Edward;EAST;infested;EAST;2;Helcion pruinosus;13;33,50;N;
Port Edward;EAST;infested;EAST;3;Helcion pruinosus;4;10,70;N;
Port Edward;EAST;non infested;EAST;1;Helcion pruinosus;9;13,00;N;
Port Edward;EAST;non infested;EAST;3;Helcion pruinosus;9;20,30;N;
Mosselbaai;SOUTH;infested;WEST;4;Heliacus variegatus;6;NA;Y;
Old Woman's River;SOUTH;infested;WEST;2;Heliacus variegatus;1;0,00;N;
Old Woman's River;SOUTH;infested;EAST;3;Hirudinea;1;0,00;Y;ID - no obvious sucker
Old Woman's River;SOUTH;infested;WEST;3;Hirudinea;1;0,00;Y;ID - presence of sucker at one end
Mosselbaai;SOUTH;infested;WEST;2;Holothuroidea;1;NA;Y;
Old Woman's River;SOUTH;infested;WEST;2;Holothuroidea;3;NA;N;
Old Woman's River;SOUTH;non infested;EAST;2;Holothuroidea;1;NA;N;ID - to check
Old Woman's River;SOUTH;non infested;WEST;2;Holothuroidea;1;NA;N;ID - to check
Brenton-on-Sea;SOUTH;infested;WEST;2;Iais pubescens;4;0,16;N;ID - to check
Brenton-on-Sea;SOUTH;non infested;WEST;2;Iais pubescens;8;0,32;N;ID - to check
Jeffreysbaai;SOUTH;infested;WEST;3;Iais pubescens;2;0,00;N;ID - to check
Mosselbaai;SOUTH;infested;WEST;1;Iais pubescens;1;0,04;Y;
Mosselbaai;SOUTH;non infested;WEST;1;Iais pubescens;2;0,00;Y;
Old Woman's River;SOUTH;infested;EAST;1;Iais pubescens;2;0,30;Y;
Old Woman's River;SOUTH;infested;EAST;3;Iais pubescens;2;0,00;N;small
Old Woman's River;SOUTH;infested;EAST;4;Iais pubescens;52;2,00;N;
Old Woman's River;SOUTH;infested;WEST;4;Iais pubescens;5;0,20;N;ID - to check
Old Woman's River;SOUTH;non infested;EAST;1;Iais pubescens;2;0,08;N;ID - to check
Old Woman's River;SOUTH;non infested;EAST;3;Iais pubescens;11;0,44;N;ID - to check
Old Woman's River;SOUTH;non infested;EAST;4;Iais pubescens;1;0,00;N;small
Old Woman's River;SOUTH;non infested;WEST;1;Iais pubescens;4;0,16;N;ID - to check
Old Woman's River;SOUTH;non infested;WEST;4;Iais pubescens;1;0,04;N;ID - to check
Jeffreysbaai;SOUTH;infested;WEST;2;Ischnochiton oniscus;1;13,40;N;
Mosselbaai;SOUTH;non infested;WEST;4;Ischnochiton oniscus;1;17,20;N;
Old Woman's River;SOUTH;infested;EAST;2;Ischnochiton oniscus;1;16,80;N;
Old Woman's River;SOUTH;infested;WEST;2;Ischnochiton oniscus;1;4,40;N;
Brenton-on-Sea;SOUTH;infested;WEST;1;Ischyromene huttoni;36;1027,30;N;
Brenton-on-Sea;SOUTH;infested;WEST;2;Ischyromene huttoni;35;1044,70;N;
Brenton-on-Sea;SOUTH;infested;WEST;4;Ischyromene huttoni;18;430,70;N;
Brenton-on-Sea;SOUTH;non infested;WEST;1;Ischyromene huttoni;15;116,70;N;
Brenton-on-Sea;SOUTH;non infested;WEST;2;Ischyromene huttoni;45;888,00;N;
Brenton-on-Sea;SOUTH;non infested;WEST;3;Ischyromene huttoni;23;478,60;N;
Brenton-on-Sea;SOUTH;non infested;WEST;4;Ischyromene huttoni;27;690,50;N;
Jeffreysbaai;SOUTH;infested;WEST;1;Ischyromene huttoni;72;1110,70;N;
Jeffreysbaai;SOUTH;infested;WEST;2;Ischyromene huttoni;15;207,80;N;
Jeffreysbaai;SOUTH;infested;WEST;3;Ischyromene huttoni;162;2377,70;N;
Jeffreysbaai;SOUTH;non infested;WEST;1;Ischyromene huttoni;67;1072,70;N;
Jeffreysbaai;SOUTH;non infested;WEST;2;Ischyromene huttoni;30;443,50;N;
Jeffreysbaai;SOUTH;non infested;WEST;3;Ischyromene huttoni;134;2076,40;N;
Mosselbaai;SOUTH;infested;WEST;1;Ischyromene huttoni;22;162,50;N;
Mosselbaai;SOUTH;infested;WEST;2;Ischyromene huttoni;2;43,80;N;
Mosselbaai;SOUTH;infested;WEST;4;Ischyromene huttoni;2;24,70;N;
Mosselbaai;SOUTH;non infested;WEST;1;Ischyromene huttoni;19;225,50;N;
Mosselbaai;SOUTH;non infested;WEST;4;Ischyromene huttoni;1;10,00;N;
Old Woman's River;SOUTH;infested;EAST;1;Ischyromene huttoni;42;549,80;N;
Old Woman's River;SOUTH;infested;EAST;3;Ischyromene huttoni;38;514,00;N;
Old Woman's River;SOUTH;infested;EAST;4;Ischyromene huttoni;182;3371,70;N;
Old Woman's River;SOUTH;infested;WEST;1;Ischyromene huttoni;76;1592,40;N;
Old Woman's River;SOUTH;infested;WEST;2;Ischyromene huttoni;6;151,30;N;
Old Woman's River;SOUTH;infested;WEST;3;Ischyromene huttoni;28;428,70;N;
Old Woman's River;SOUTH;infested;WEST;4;Ischyromene huttoni;24;551,50;N;
Old Woman's River;SOUTH;non infested;EAST;1;Ischyromene huttoni;44;840,60;N;
Old Woman's River;SOUTH;non infested;EAST;3;Ischyromene huttoni;71;1495,20;N;
Old Woman's River;SOUTH;non infested;EAST;4;Ischyromene huttoni;12;130,90;N;
Old Woman's River;SOUTH;non infested;WEST;1;Ischyromene huttoni;30;222,80;N;
Old Woman's River;SOUTH;non infested;WEST;2;Ischyromene huttoni;1;23,50;N;
Old Woman's River;SOUTH;non infested;WEST;3;Ischyromene huttoni;43;920,20;N;
Old Woman's River;SOUTH;non infested;WEST;4;Ischyromene huttoni;48;1414,00;N;
Port Edward;EAST;infested;EAST;1;Ischyromene huttoni;8;14,20;N;
Port Edward;EAST;infested;EAST;2;Ischyromene huttoni;2;4,30;N;
Port Edward;EAST;infested;EAST;3;Ischyromene huttoni;27;54,20;N;
Port Edward;EAST;non infested;EAST;1;Ischyromene huttoni;6;10,70;N;
Port Edward;EAST;non infested;EAST;2;Ischyromene huttoni;6;10,90;N;
Port Edward;EAST;non infested;EAST;3;Ischyromene huttoni;36;96,80;N;
Port Edward;EAST;non infested;EAST;4;Ischyromene huttoni;1;0,80;N;
Brenton-on-Sea;SOUTH;infested;WEST;1;Isopoda;4;4,00;N;ID - to check
Mosselbaai;SOUTH;non infested;WEST;1;Isopoda;1;1,00;N;1 bit of isopod
Mosselbaai;SOUTH;non infested;WEST;4;Isopoda;1;1,00;N;
Old Woman's River;SOUTH;infested;EAST;4;Isopoda;NA;NA;N;ID - to check
Old Woman's River;SOUTH;infested;WEST;2;Isopoda;3;3,00;N;
Old Woman's River;SOUTH;infested;WEST;4;Isopoda;1;1,00;N;ID - to check
Old Woman's River;SOUTH;non infested;EAST;2;Isopoda;1;1,00;N;ID - to check
Old Woman's River;SOUTH;non infested;EAST;3;Isopoda;6;6,00;N;ID - to check
Old Woman's River;SOUTH;infested;WEST;2;Janira sp.;1;0,00;N;ID - to check
Old Woman's River;SOUTH;non infested;WEST;3;Janira sp.;1;0,00;N;ID - to check
Jeffreysbaai;SOUTH;non infested;WEST;2;Joeropsis stebbingi;1;0,00;N;ID - to check
Old Woman's River;SOUTH;infested;EAST;1;Joeropsis stebbingi;1;0,30;Y;
Old Woman's River;SOUTH;infested;EAST;4;Joeropsis stebbingi;3;1,14;N;ID - to check
Old Woman's River;SOUTH;infested;WEST;2;Joeropsis stebbingi;2;0,76;N;ID - to check
Old Woman's River;SOUTH;infested;WEST;3;Joeropsis stebbingi;2;0,50;Y;
Old Woman's River;SOUTH;infested;WEST;4;Joeropsis stebbingi;3;1,14;N;ID - to check
Old Woman's River;SOUTH;non infested;EAST;4;Joeropsis stebbingi;1;1,50;Y;
Old Woman's River;SOUTH;non infested;WEST;1;Joeropsis stebbingi;2;0,76;N;ID - to check
Old Woman's River;SOUTH;non infested;WEST;2;Joeropsis stebbingi;2;0,76;N;ID - to check
Old Woman's River;SOUTH;non infested;WEST;4;Joeropsis stebbingi;1;0,00;N;small
Mosselbaai;SOUTH;infested;WEST;4;Lepidonotus clava;2;69,90;N;
Jeffreysbaai;SOUTH;infested;WEST;3;Lepidonotus durbanensis;1;3,40;N;
Jeffreysbaai;SOUTH;non infested;WEST;1;Lepidonotus durbanensis;1;5,90;N;
Old Woman's River;SOUTH;infested;EAST;2;Lepidonotus durbanensis;9;40,90;N;
Old Woman's River;SOUTH;infested;WEST;2;Lepidonotus durbanensis;4;15,40;N;
Old Woman's River;SOUTH;non infested;EAST;2;Lepidonotus durbanensis;2;9,10;N;
Old Woman's River;SOUTH;non infested;WEST;1;Lepidonotus durbanensis;1;0,90;N;
Old Woman's River;SOUTH;non infested;WEST;2;Lepidonotus durbanensis;6;91,80;N;
Jeffreysbaai;SOUTH;infested;WEST;2;Leucisca squalina;1;NA;N;ID - to check
Jeffreysbaai;SOUTH;non infested;WEST;3;Leucisca squalina;1;NA;N;
Port Edward;EAST;non infested;EAST;1;Leucisca squalina;1;NA;Y;
Mosselbaai;SOUTH;infested;WEST;3;Mancinella capensis;6;24,10;Y;
Mosselbaai;SOUTH;infested;WEST;4;Mesanthura catenula;1;0,40;N;
Mosselbaai;SOUTH;non infested;WEST;4;Mesanthura catenula;2;1,60;N;
Old Woman's River;SOUTH;non infested;EAST;2;Mesanthura catenula;1;0,60;N;
Port Edward;EAST;infested;EAST;2;Metopograpsus messor;1;NA;Y;ID - not confident
Brenton-on-Sea;SOUTH;infested;WEST;1;Mytilus galloprovincialis;3;183,60;N;
Brenton-on-Sea;SOUTH;infested;WEST;2;Mytilus galloprovincialis;17;100,70;N;
Brenton-on-Sea;SOUTH;infested;WEST;4;Mytilus galloprovincialis;64;2329,40;N;
Brenton-on-Sea;SOUTH;non infested;WEST;1;Mytilus galloprovincialis;269;3448,20;N;
Brenton-on-Sea;SOUTH;non infested;WEST;2;Mytilus galloprovincialis;78;888,10;N;
Brenton-on-Sea;SOUTH;non infested;WEST;3;Mytilus galloprovincialis;8;141,50;N;
Brenton-on-Sea;SOUTH;non infested;WEST;4;Mytilus galloprovincialis;93;536,40;N;
Jeffreysbaai;SOUTH;infested;WEST;1;Mytilus galloprovincialis;29;313,30;N;
Jeffreysbaai;SOUTH;infested;WEST;2;Mytilus galloprovincialis;17;155,10;N;
Jeffreysbaai;SOUTH;infested;WEST;3;Mytilus galloprovincialis;4;20,70;N;
Jeffreysbaai;SOUTH;non infested;WEST;1;Mytilus galloprovincialis;26;112,30;N;
Jeffreysbaai;SOUTH;non infested;WEST;2;Mytilus galloprovincialis;3;4,80;N;
Jeffreysbaai;SOUTH;non infested;WEST;3;Mytilus galloprovincialis;14;681,10;N;
Mosselbaai;SOUTH;infested;WEST;3;Mytilus galloprovincialis;5;6,00;N;
Mosselbaai;SOUTH;non infested;WEST;1;Mytilus galloprovincialis;1;20,00;N;
Mosselbaai;SOUTH;non infested;WEST;3;Mytilus galloprovincialis;7;86,30;N;
Mosselbaai;SOUTH;non infested;WEST;4;Mytilus galloprovincialis;5;118,60;N;
Brenton-on-Sea;SOUTH;infested;WEST;2;Nemertea;2;NA;N;ID - to check
Brenton-on-Sea;SOUTH;non infested;WEST;3;Nemertea;2;NA;N;ID - to check
Brenton-on-Sea;SOUTH;non infested;WEST;4;Nemertea;10;NA;N;ID - to check
Jeffreysbaai;SOUTH;infested;WEST;2;Nemertea;3;NA;N;ID - to check
Jeffreysbaai;SOUTH;non infested;WEST;2;Nemertea;2;NA;N;ID - to check
Mosselbaai;SOUTH;non infested;WEST;3;Nemertea;1;NA;Y;ID - not confident
Mosselbaai;SOUTH;non infested;WEST;4;Nemertea;2;NA;Y;ID - not confident
Old Woman's River;SOUTH;non infested;EAST;4;Nemertea;5;NA;N;ID - to check
Old Woman's River;SOUTH;non infested;WEST;3;Nemertea;1;NA;N;ID - to check
Old Woman's River;SOUTH;infested;EAST;2;Neostichopus grammatus;1;NA;N;ID - to check
Brenton-on-Sea;SOUTH;infested;WEST;1;Nereididae;4;9,36;N;ID - to check
Brenton-on-Sea;SOUTH;infested;WEST;2;Nereididae;6;27,60;N;
Brenton-on-Sea;SOUTH;non infested;WEST;2;Nereididae;2;4,68;N;
Brenton-on-Sea;SOUTH;non infested;WEST;3;Nereididae;10;17,70;N;
Brenton-on-Sea;SOUTH;non infested;WEST;4;Nereididae;8;18,72;N;
Jeffreysbaai;SOUTH;infested;WEST;1;Nereididae;6;14,04;N;
Jeffreysbaai;SOUTH;infested;WEST;2;Nereididae;4;9,36;N;
Jeffreysbaai;SOUTH;infested;WEST;3;Nereididae;1;0,00;N;
Jeffreysbaai;SOUTH;non infested;WEST;3;Nereididae;10;4,00;N;
Old Woman's River;SOUTH;infested;EAST;2;Nereididae;19;27,50;N;
Old Woman's River;SOUTH;infested;EAST;4;Nereididae;1;2,34;N;
Old Woman's River;SOUTH;infested;WEST;1;Nereididae;6;14,04;N;
Old Woman's River;SOUTH;infested;WEST;2;Nereididae;30;67,60;N;
Old Woman's River;SOUTH;infested;WEST;4;Nereididae;10;63,70;N;
Old Woman's River;SOUTH;non infested;EAST;1;Nereididae;22;10,10;N;
Old Woman's River;SOUTH;non infested;EAST;2;Nereididae;32;69,50;N;
Old Woman's River;SOUTH;non infested;EAST;3;Nereididae;3;7,02;N;
Old Woman's River;SOUTH;non infested;EAST;4;Nereididae;15;19,00;N;
Old Woman's River;SOUTH;non infested;WEST;1;Nereididae;8;9,10;N;
Old Woman's River;SOUTH;non infested;WEST;2;Nereididae;21;56,10;N;
Old Woman's River;SOUTH;non infested;WEST;3;Nereididae;20;104,70;N;
Old Woman's River;SOUTH;non infested;WEST;4;Nereididae;1;2,34;N;ID - to check
Brenton-on-Sea;SOUTH;infested;WEST;1;Notocomplana erythrotaenia;10;4,50;N;
Brenton-on-Sea;SOUTH;non infested;WEST;1;Notocomplana erythrotaenia;13;4,10;N;
Brenton-on-Sea;SOUTH;non infested;WEST;2;Notocomplana erythrotaenia;3;0,00;N;small
Brenton-on-Sea;SOUTH;non infested;WEST;3;Notocomplana erythrotaenia;5;2,50;N;
Brenton-on-Sea;SOUTH;non infested;WEST;4;Notocomplana erythrotaenia;1;0,40;N;
Jeffreysbaai;SOUTH;infested;WEST;2;Notocomplana erythrotaenia;4;5,00;N;
Jeffreysbaai;SOUTH;non infested;WEST;2;Notocomplana erythrotaenia;1;0,00;N;small
Mosselbaai;SOUTH;non infested;WEST;4;Notocomplana erythrotaenia;2;0,80;N;
Old Woman's River;SOUTH;infested;WEST;4;Notocomplana erythrotaenia;1;0,00;N;small
Old Woman's River;SOUTH;non infested;EAST;2;Notocomplana erythrotaenia;1;1,50;N;
Old Woman's River;SOUTH;non infested;EAST;4;Notocomplana erythrotaenia;2;1,50;N;
Old Woman's River;SOUTH;non infested;WEST;1;Notocomplana erythrotaenia;2;1,00;N;
Brenton-on-Sea;SOUTH;non infested;WEST;1;Nucella dubia;1;2,20;N;
Jeffreysbaai;SOUTH;infested;WEST;1;Nucella dubia;5;65,60;N;
Jeffreysbaai;SOUTH;infested;WEST;2;Nucella dubia;2;6,20;N;
Jeffreysbaai;SOUTH;infested;WEST;3;Nucella dubia;1;9,50;N;
Jeffreysbaai;SOUTH;non infested;WEST;1;Nucella dubia;27;525,30;N;
Jeffreysbaai;SOUTH;non infested;WEST;2;Nucella dubia;2;8,60;N;
Jeffreysbaai;SOUTH;non infested;WEST;3;Nucella dubia;3;35,90;N;
Mosselbaai;SOUTH;infested;WEST;4;Nucella dubia;2;26,90;Y;
Mosselbaai;SOUTH;non infested;WEST;3;Nucella dubia;9;53,60;Y;
Mosselbaai;SOUTH;non infested;WEST;4;Nucella dubia;6;43,40;N;
Old Woman's River;SOUTH;infested;WEST;3;Nucella dubia;3;63,00;N;
Old Woman's River;SOUTH;non infested;WEST;1;Nucella dubia;2;7,00;N;
Port Edward;EAST;infested;EAST;1;Nucella dubia;1;0,30;N;
Port Edward;EAST;non infested;EAST;1;Nucella dubia;1;4,10;Y;
Port Edward;EAST;non infested;EAST;3;Nucella dubia;1;3,60;N;
Brenton-on-Sea;SOUTH;infested;WEST;1;Nucella squamosa;1;0,20;N;
Brenton-on-Sea;SOUTH;infested;WEST;4;Nucella squamosa;4;10,50;N;
Brenton-on-Sea;SOUTH;non infested;WEST;1;Nucella squamosa;2;1,90;N;
Brenton-on-Sea;SOUTH;non infested;WEST;2;Nucella squamosa;1;5,01;N;
Jeffreysbaai;SOUTH;infested;WEST;2;Nucella squamosa;3;3,40;N;
Jeffreysbaai;SOUTH;non infested;WEST;1;Nucella squamosa;2;1,10;N;
Old Woman's River;SOUTH;infested;WEST;2;Nucella squamosa;1;35,20;N;
Old Woman's River;SOUTH;non infested;EAST;3;Nucella squamosa;1;5,01;N;
Old Woman's River;SOUTH;non infested;WEST;2;Nucella squamosa;1;17,90;N;
Mosselbaai;SOUTH;non infested;WEST;1;Nymphopsis cuspidata;1;0,20;Y;
Mosselbaai;SOUTH;non infested;WEST;3;Octomeris angulosa;1;0,98;N;
Port Edward;EAST;infested;EAST;3;Octomeris angulosa;3;2,80;N;
Port Edward;EAST;non infested;EAST;2;Octomeris angulosa;3;3,10;N;
Port Edward;EAST;infested;EAST;1;Onitochiton literatus;4;364,20;Y;
Port Edward;EAST;infested;EAST;2;Onitochiton literatus;5;960,10;N;
Port Edward;EAST;non infested;EAST;1;Onitochiton literatus;7;1996,60;N;minus 1 for biomass
Port Edward;EAST;non infested;EAST;2;Onitochiton literatus;1;553,70;N;
Old Woman's River;SOUTH;infested;WEST;4;Opisthobranchia;1;NA;N;ID - to check
Jeffreysbaai;SOUTH;non infested;WEST;1;Orbinidae;1;0,00;N;ID - to check
Jeffreysbaai;SOUTH;non infested;WEST;3;Orbinidae;1;0,00;N;small
Brenton-on-Sea;SOUTH;infested;WEST;1;Oxystele antoni;28;92,40;N;
Brenton-on-Sea;SOUTH;infested;WEST;2;Oxystele antoni;18;48,40;N;
Brenton-on-Sea;SOUTH;infested;WEST;4;Oxystele antoni;12;47,90;N;
Brenton-on-Sea;SOUTH;non infested;WEST;1;Oxystele antoni;21;44,90;N;
Brenton-on-Sea;SOUTH;non infested;WEST;2;Oxystele antoni;25;65,90;N;
Brenton-on-Sea;SOUTH;non infested;WEST;3;Oxystele antoni;4;47,00;N;
Brenton-on-Sea;SOUTH;non infested;WEST;4;Oxystele antoni;11;47,60;N;
Jeffreysbaai;SOUTH;infested;WEST;1;Oxystele antoni;1;10,20;N;
Jeffreysbaai;SOUTH;infested;WEST;2;Oxystele antoni;23;65,80;N;
Jeffreysbaai;SOUTH;infested;WEST;3;Oxystele antoni;52;424,60;N;
Jeffreysbaai;SOUTH;non infested;WEST;1;Oxystele antoni;5;87,00;N;
Jeffreysbaai;SOUTH;non infested;WEST;2;Oxystele antoni;26;79,50;N;
Jeffreysbaai;SOUTH;non infested;WEST;3;Oxystele antoni;24;248,60;N;
Mosselbaai;SOUTH;infested;WEST;1;Oxystele antoni;5;56,40;N;
Mosselbaai;SOUTH;infested;WEST;2;Oxystele antoni;5;93,70;N;
Mosselbaai;SOUTH;infested;WEST;3;Oxystele antoni;7;169,90;N;
Mosselbaai;SOUTH;infested;WEST;4;Oxystele antoni;6;41,80;N;
Mosselbaai;SOUTH;non infested;WEST;1;Oxystele antoni;19;165,90;N;
Mosselbaai;SOUTH;non infested;WEST;2;Oxystele antoni;6;233,40;N;
Mosselbaai;SOUTH;non infested;WEST;3;Oxystele antoni;5;116,30;N;
Mosselbaai;SOUTH;non infested;WEST;4;Oxystele antoni;10;56,00;N;
Old Woman's River;SOUTH;infested;EAST;1;Oxystele antoni;14;55,90;N;
Old Woman's River;SOUTH;infested;EAST;3;Oxystele antoni;42;488,30;N;
Old Woman's River;SOUTH;infested;EAST;4;Oxystele antoni;7;87,80;N;
Old Woman's River;SOUTH;infested;WEST;1;Oxystele antoni;12;144,60;N;
Old Woman's River;SOUTH;infested;WEST;2;Oxystele antoni;1;7,74;N;
Old Woman's River;SOUTH;infested;WEST;3;Oxystele antoni;12;82,30;N;
Old Woman's River;SOUTH;infested;WEST;4;Oxystele antoni;3;8,80;N;
Old Woman's River;SOUTH;non infested;EAST;1;Oxystele antoni;18;163,60;N;
Old Woman's River;SOUTH;non infested;EAST;2;Oxystele antoni;1;7,74;N;
Old Woman's River;SOUTH;non infested;EAST;3;Oxystele antoni;14;90,50;N;
Old Woman's River;SOUTH;non infested;EAST;4;Oxystele antoni;4;27,40;N;
Old Woman's River;SOUTH;non infested;WEST;1;Oxystele antoni;17;168,40;N;
Old Woman's River;SOUTH;non infested;WEST;2;Oxystele antoni;1;1,40;N;
Old Woman's River;SOUTH;non infested;WEST;3;Oxystele antoni;4;11,20;N;
Old Woman's River;SOUTH;non infested;WEST;4;Oxystele antoni;8;58,30;N;
Brenton-on-Sea;SOUTH;infested;WEST;1;Oxystele impervia;3;6,50;N;
Mosselbaai;SOUTH;infested;WEST;1;Oxystele impervia;1;4,80;Y;
Old Woman's River;SOUTH;infested;EAST;1;Oxystele impervia;1;1,80;N;
Old Woman's River;SOUTH;infested;EAST;2;Oxystele impervia;1;0,80;N;
Old Woman's River;SOUTH;infested;WEST;3;Oxystele impervia;2;4,00;N;
Old Woman's River;SOUTH;non infested;EAST;3;Oxystele impervia;1;4,00;N;
Old Woman's River;SOUTH;non infested;WEST;1;Oxystele impervia;1;8,00;N;
Old Woman's River;SOUTH;non infested;EAST;3;Oxystele tabularis;1;4,66;N;
Old Woman's River;SOUTH;non infested;WEST;3;Oxystele tabularis;5;31,50;N;
Port Edward;EAST;infested;EAST;1;Oxystele tabularis;25;63,30;N;
Port Edward;EAST;infested;EAST;2;Oxystele tabularis;24;91,10;N;
Port Edward;EAST;infested;EAST;3;Oxystele tabularis;10;65,30;N;
Port Edward;EAST;non infested;EAST;1;Oxystele tabularis;35;229,90;Y;
Port Edward;EAST;non infested;EAST;2;Oxystele tabularis;8;32,90;N;
Port Edward;EAST;non infested;EAST;3;Oxystele tabularis;27;112,50;N;
Port Edward;EAST;non infested;EAST;4;Oxystele tabularis;4;16,90;Y;
Mosselbaai;SOUTH;infested;WEST;1;Paramoera capensis;100;69,50;N;
Mosselbaai;SOUTH;infested;WEST;2;Paramoera capensis;47;18,20;N;
Mosselbaai;SOUTH;infested;WEST;3;Paramoera capensis;88;30,60;N;
Mosselbaai;SOUTH;infested;WEST;4;Paramoera capensis;84;67,70;N;
Mosselbaai;SOUTH;non infested;WEST;1;Paramoera capensis;75;65,60;N;
Mosselbaai;SOUTH;non infested;WEST;2;Paramoera capensis;29;18,80;N;
Mosselbaai;SOUTH;non infested;WEST;3;Paramoera capensis;63;41,80;N;
Mosselbaai;SOUTH;non infested;WEST;4;Paramoera capensis;26;22,70;N;
Old Woman's River;SOUTH;infested;EAST;4;Paramoera capensis;8;4,00;N;
Old Woman's River;SOUTH;infested;WEST;3;Paramoera capensis;7;3,00;N;
Old Woman's River;SOUTH;infested;WEST;4;Paramoera capensis;10;4,40;N;
Old Woman's River;SOUTH;non infested;EAST;3;Paramoera capensis;2;0,30;N;
Port Edward;EAST;infested;EAST;2;Paramoera capensis;11;34,60;N;
Port Edward;EAST;non infested;EAST;1;Paramoera capensis;7;12,20;N;
Brenton-on-Sea;SOUTH;infested;WEST;1;Parechinus angulosus;2;28,80;N;
Brenton-on-Sea;SOUTH;infested;WEST;2;Parechinus angulosus;1;38,50;N;
Brenton-on-Sea;SOUTH;non infested;WEST;1;Parechinus angulosus;1;11,10;N;
Brenton-on-Sea;SOUTH;non infested;WEST;2;Parechinus angulosus;1;7,60;N;
Brenton-on-Sea;SOUTH;non infested;WEST;4;Parechinus angulosus;6;84,20;N;
Jeffreysbaai;SOUTH;infested;WEST;2;Parechinus angulosus;2;12,50;N;
Jeffreysbaai;SOUTH;infested;WEST;3;Parechinus angulosus;1;0,70;N;
Jeffreysbaai;SOUTH;non infested;WEST;3;Parechinus angulosus;7;18,40;N;
Mosselbaai;SOUTH;non infested;WEST;4;Parechinus angulosus;1;2,00;N;
Old Woman's River;SOUTH;infested;EAST;2;Parechinus angulosus;5;669,10;N;
Old Woman's River;SOUTH;infested;WEST;2;Parechinus angulosus;23;1490,10;N;
Old Woman's River;SOUTH;infested;WEST;3;Parechinus angulosus;1;1,60;N;
Old Woman's River;SOUTH;non infested;EAST;2;Parechinus angulosus;10;1223,50;N;
Old Woman's River;SOUTH;non infested;EAST;3;Parechinus angulosus;1;1,80;N;
Old Woman's River;SOUTH;non infested;WEST;2;Parechinus angulosus;17;983,30;N;
Old Woman's River;SOUTH;non infested;WEST;3;Parechinus angulosus;1;3,00;N;
Old Woman's River;SOUTH;non infested;WEST;4;Parechinus angulosus;1;11,20;N;
Jeffreysbaai;SOUTH;infested;WEST;1;Parisocladus perforatus;9;56,50;N;
Jeffreysbaai;SOUTH;infested;WEST;2;Parisocladus perforatus;62;109,60;N;
Jeffreysbaai;SOUTH;infested;WEST;3;Parisocladus perforatus;15;27,20;N;
Jeffreysbaai;SOUTH;non infested;WEST;1;Parisocladus perforatus;33;217,90;N;
Jeffreysbaai;SOUTH;non infested;WEST;2;Parisocladus perforatus;19;23,60;N;
Jeffreysbaai;SOUTH;non infested;WEST;3;Parisocladus perforatus;1;10,70;N;
Mosselbaai;SOUTH;infested;WEST;1;Parisocladus perforatus;6;45,10;N;
Mosselbaai;SOUTH;infested;WEST;2;Parisocladus perforatus;1;7,30;Y;
Mosselbaai;SOUTH;infested;WEST;3;Parisocladus perforatus;39;305,70;N;
Mosselbaai;SOUTH;infested;WEST;4;Parisocladus perforatus;28;75,50;Y;
Mosselbaai;SOUTH;non infested;WEST;3;Parisocladus perforatus;4;20,50;Y;
Mosselbaai;SOUTH;non infested;WEST;4;Parisocladus perforatus;42;130,60;Y;
Old Woman's River;SOUTH;infested;EAST;1;Parisocladus perforatus;3;5,60;N;
Old Woman's River;SOUTH;infested;EAST;3;Parisocladus perforatus;2;3,50;N;
Old Woman's River;SOUTH;non infested;EAST;3;Parisocladus perforatus;1;0,50;N;
Old Woman's River;SOUTH;non infested;WEST;1;Parisocladus perforatus;1;3,90;N;ID - to check
Old Woman's River;SOUTH;non infested;WEST;4;Parisocladus perforatus;1;1,80;N;
Brenton-on-Sea;SOUTH;infested;WEST;1;Parvulastra exigua;1;67,70;N;
Brenton-on-Sea;SOUTH;infested;WEST;2;Parvulastra exigua;1;90,90;N;
Brenton-on-Sea;SOUTH;infested;WEST;4;Parvulastra exigua;1;8,90;N;
Brenton-on-Sea;SOUTH;non infested;WEST;2;Parvulastra exigua;1;46,40;N;
Jeffreysbaai;SOUTH;infested;WEST;2;Parvulastra exigua;1;0,60;N;
Jeffreysbaai;SOUTH;infested;WEST;3;Parvulastra exigua;1;30,30;N;
Mosselbaai;SOUTH;infested;WEST;1;Parvulastra exigua;11;829,30;N;
Mosselbaai;SOUTH;infested;WEST;2;Parvulastra exigua;9;552,30;N;
Mosselbaai;SOUTH;infested;WEST;3;Parvulastra exigua;10;1006,90;N;not included in ECHINO data
Mosselbaai;SOUTH;infested;WEST;4;Parvulastra exigua;25;1683,10;N;
Mosselbaai;SOUTH;non infested;WEST;1;Parvulastra exigua;4;169,50;N;
Mosselbaai;SOUTH;non infested;WEST;2;Parvulastra exigua;4;362,80;N;not included in ECHINO data
Mosselbaai;SOUTH;non infested;WEST;3;Parvulastra exigua;22;2543,30;N;
Mosselbaai;SOUTH;non infested;WEST;4;Parvulastra exigua;23;838,10;N;
Old Woman's River;SOUTH;infested;EAST;2;Parvulastra exigua;10;357,40;N;
Old Woman's River;SOUTH;infested;EAST;3;Parvulastra exigua;1;37,10;N;
Old Woman's River;SOUTH;infested;WEST;1;Parvulastra exigua;3;309,20;N;
Old Woman's River;SOUTH;infested;WEST;2;Parvulastra exigua;15;959,70;N;
Old Woman's River;SOUTH;infested;WEST;3;Parvulastra exigua;2;125,22;N;
Old Woman's River;SOUTH;non infested;EAST;1;Parvulastra exigua;12;832,90;N;
Old Woman's River;SOUTH;non infested;EAST;2;Parvulastra exigua;10;183,10;N;
Old Woman's River;SOUTH;non infested;EAST;3;Parvulastra exigua;4;52,20;N;
Old Woman's River;SOUTH;non infested;EAST;4;Parvulastra exigua;6;277,90;N;
Old Woman's River;SOUTH;non infested;WEST;1;Parvulastra exigua;8;422,00;N;
Old Woman's River;SOUTH;non infested;WEST;2;Parvulastra exigua;14;885,40;N;
Old Woman's River;SOUTH;non infested;WEST;3;Parvulastra exigua;2;125,80;N;
Old Woman's River;SOUTH;non infested;WEST;4;Parvulastra exigua;4;94,40;N;
Port Edward;EAST;non infested;EAST;1;Parvulastra exigua;1;4,70;N;
Old Woman's River;SOUTH;infested;EAST;1;Pentacta doliolum;1;1,50;Y;
Brenton-on-Sea;SOUTH;infested;WEST;1;Perna perna;78;1193,90;N;
Brenton-on-Sea;SOUTH;infested;WEST;2;Perna perna;115;828,50;N;
Brenton-on-Sea;SOUTH;infested;WEST;4;Perna perna;289;15549,40;N;
Brenton-on-Sea;SOUTH;non infested;WEST;1;Perna perna;349;4645,80;N;
Brenton-on-Sea;SOUTH;non infested;WEST;2;Perna perna;99;1410,50;N;
Brenton-on-Sea;SOUTH;non infested;WEST;3;Perna perna;68;698,70;N;
Brenton-on-Sea;SOUTH;non infested;WEST;4;Perna perna;394;4631,60;N;
Jeffreysbaai;SOUTH;infested;WEST;1;Perna perna;291;4274,20;N;
Jeffreysbaai;SOUTH;infested;WEST;2;Perna perna;76;221,50;N;
Jeffreysbaai;SOUTH;infested;WEST;3;Perna perna;211;2485,10;N;
Jeffreysbaai;SOUTH;non infested;WEST;1;Perna perna;172;2829,40;N;
Jeffreysbaai;SOUTH;non infested;WEST;2;Perna perna;39;131,40;N;
Jeffreysbaai;SOUTH;non infested;WEST;3;Perna perna;165;2734,00;N;
Mosselbaai;SOUTH;infested;WEST;1;Perna perna;38;52,40;N;
Mosselbaai;SOUTH;infested;WEST;2;Perna perna;6;1,60;N;
Mosselbaai;SOUTH;infested;WEST;3;Perna perna;38;123,30;N;
Mosselbaai;SOUTH;infested;WEST;4;Perna perna;16;76,60;Y;
Mosselbaai;SOUTH;non infested;WEST;1;Perna perna;66;902,20;N;
Mosselbaai;SOUTH;non infested;WEST;2;Perna perna;31;138,50;N;
Mosselbaai;SOUTH;non infested;WEST;3;Perna perna;71;708,70;N;
Mosselbaai;SOUTH;non infested;WEST;4;Perna perna;30;979,00;N;
Old Woman's River;SOUTH;infested;EAST;1;Perna perna;2;3,60;Y;
Old Woman's River;SOUTH;infested;EAST;3;Perna perna;5;26,10;N;
Old Woman's River;SOUTH;infested;EAST;4;Perna perna;2;15,40;N;
Old Woman's River;SOUTH;infested;WEST;3;Perna perna;4;35,90;N;
Old Woman's River;SOUTH;infested;WEST;4;Perna perna;8;82,60;N;
Old Woman's River;SOUTH;non infested;EAST;2;Perna perna;3;13,40;N;
Old Woman's River;SOUTH;non infested;EAST;3;Perna perna;2;30,00;N;
Old Woman's River;SOUTH;non infested;EAST;4;Perna perna;7;54,90;N;
Old Woman's River;SOUTH;non infested;WEST;1;Perna perna;1;23,70;N;
Old Woman's River;SOUTH;non infested;WEST;4;Perna perna;6;89,50;N;
Port Edward;EAST;infested;EAST;1;Perna perna;5;21,50;N;
Port Edward;EAST;infested;EAST;2;Perna perna;21;54,60;N;
Port Edward;EAST;infested;EAST;3;Perna perna;12;37,00;N;
Port Edward;EAST;non infested;EAST;1;Perna perna;1;18,00;N;
Port Edward;EAST;non infested;EAST;2;Perna perna;3;0,50;N;
Port Edward;EAST;non infested;EAST;3;Perna perna;18;85,60;N;
Port Edward;EAST;non infested;EAST;4;Perna perna;7;15,70;N;
Jeffreysbaai;SOUTH;infested;WEST;2;Phyllodocidae;3;12,68;N;
Jeffreysbaai;SOUTH;non infested;WEST;3;Phyllodocidae;2;0,00;N;small
Mosselbaai;SOUTH;non infested;WEST;4;Phyllodocidae;4;16,90;N;
Old Woman's River;SOUTH;non infested;EAST;2;Phyllodocidae;1;0,00;N;ID - to check
Port Edward;EAST;non infested;EAST;3;Plagusia squamosa;1;NA;Y;
Brenton-on-Sea;SOUTH;non infested;WEST;1;Planocera gilchristi;1;1,70;N;
Jeffreysbaai;SOUTH;non infested;WEST;2;Planocera gilchristi;1;5,00;N;
Old Woman's River;SOUTH;infested;EAST;2;Planocera gilchristi;2;10,80;N;
Old Woman's River;SOUTH;infested;EAST;3;Planocera gilchristi;1;1,70;N;
Old Woman's River;SOUTH;non infested;EAST;3;Planocera gilchristi;1;9,70;N;
Old Woman's River;SOUTH;non infested;EAST;4;Planocera gilchristi;1;15,80;N;
Old Woman's River;SOUTH;non infested;WEST;3;Planocera gilchristi;1;6,00;N;
Old Woman's River;SOUTH;non infested;EAST;2;Plathyhelminthe;1;NA;N;ID - to check
Jeffreysbaai;SOUTH;infested;WEST;2;Pseudocnella sykion;1;41,15;N;
Jeffreysbaai;SOUTH;infested;WEST;3;Pseudocnella sykion;1;41,15;N;
Jeffreysbaai;SOUTH;non infested;WEST;3;Pseudocnella sykion;1;76,80;N;
Old Woman's River;SOUTH;infested;WEST;1;Pseudocnella sykion;1;5,50;N;
Port Edward;EAST;infested;EAST;1;Pseudocnella sykion;1;41,15;N;
Port Edward;EAST;infested;EAST;2;Pseudocnella sykion;1;41,15;Y;
Port Edward;EAST;non infested;EAST;1;Pseudocnella sykion;1;41,15;N;
Brenton-on-Sea;SOUTH;infested;WEST;1;Pseudonereis variegata;14;407,20;N;
Brenton-on-Sea;SOUTH;infested;WEST;2;Pseudonereis variegata;10;178,70;N;
Brenton-on-Sea;SOUTH;infested;WEST;4;Pseudonereis variegata;19;565,90;N;
Brenton-on-Sea;SOUTH;non infested;WEST;1;Pseudonereis variegata;32;681,90;N;
Brenton-on-Sea;SOUTH;non infested;WEST;2;Pseudonereis variegata;6;179,80;N;
Brenton-on-Sea;SOUTH;non infested;WEST;3;Pseudonereis variegata;18;393,70;N;
Brenton-on-Sea;SOUTH;non infested;WEST;4;Pseudonereis variegata;22;490,00;N;
Mosselbaai;SOUTH;infested;WEST;1;Pseudonereis variegata;4;26,80;N;
Mosselbaai;SOUTH;infested;WEST;2;Pseudonereis variegata;2;23,40;N;
Mosselbaai;SOUTH;infested;WEST;4;Pseudonereis variegata;1;62,10;N;
Mosselbaai;SOUTH;non infested;WEST;1;Pseudonereis variegata;4;138,00;N;
Mosselbaai;SOUTH;non infested;WEST;2;Pseudonereis variegata;1;15,20;N;
Mosselbaai;SOUTH;non infested;WEST;3;Pseudonereis variegata;3;155,30;N;
Mosselbaai;SOUTH;non infested;WEST;4;Pseudonereis variegata;4;210,60;N;
Old Woman's River;SOUTH;infested;EAST;1;Pseudonereis variegata;2;27,60;N;
Old Woman's River;SOUTH;infested;EAST;2;Pseudonereis variegata;1;6,80;N;
Old Woman's River;SOUTH;infested;EAST;3;Pseudonereis variegata;3;243,90;N;
Old Woman's River;SOUTH;infested;WEST;2;Pseudonereis variegata;5;36,90;N;
Old Woman's River;SOUTH;infested;WEST;3;Pseudonereis variegata;12;568,80;N;
Old Woman's River;SOUTH;infested;WEST;4;Pseudonereis variegata;2;513,90;N;
Old Woman's River;SOUTH;non infested;EAST;1;Pseudonereis variegata;1;167,90;N;
Old Woman's River;SOUTH;non infested;EAST;3;Pseudonereis variegata;2;168,40;N;
Old Woman's River;SOUTH;non infested;EAST;4;Pseudonereis variegata;10;358,40;N;
Old Woman's River;SOUTH;non infested;WEST;1;Pseudonereis variegata;4;593,10;N;
Old Woman's River;SOUTH;non infested;WEST;2;Pseudonereis variegata;2;16,60;N;
Old Woman's River;SOUTH;non infested;WEST;3;Pseudonereis variegata;3;12,00;N;
Old Woman's River;SOUTH;non infested;WEST;4;Pseudonereis variegata;8;309,80;N;
Port Edward;EAST;infested;EAST;2;Pseudonereis variegata;3;83,70;N;
Port Edward;EAST;infested;EAST;3;Pseudonereis variegata;1;3,40;N;
Port Edward;EAST;non infested;EAST;1;Pseudonereis variegata;1;61,30;N;
Port Edward;EAST;non infested;EAST;3;Pseudonereis variegata;3;20,40;N;
Port Edward;EAST;non infested;EAST;4;Pseudonereis variegata;2;0,10;N;
Port Edward;EAST;infested;EAST;1;Purpura panama;1;48,00;Y;
Brenton-on-Sea;SOUTH;non infested;WEST;4;Pycnogonidae;3;0,00;N;ID - to check
Old Woman's River;SOUTH;infested;WEST;2;Pycnogonidae;2;0,00;N;ID - to check
Old Woman's River;SOUTH;infested;EAST;2;Rhyssoplax polita;1;496,00;N;
Old Woman's River;SOUTH;infested;WEST;2;Rhyssoplax polita;1;25,70;N;
Old Woman's River;SOUTH;non infested;WEST;2;Rhyssoplax polita;1;95,90;N;
Brenton-on-Sea;SOUTH;infested;WEST;1;Roweia stephensoni;1;441,00;N;
Brenton-on-Sea;SOUTH;infested;WEST;1;Scoletoma tetraura;1;0,10;N;
Brenton-on-Sea;SOUTH;non infested;WEST;1;Scoletoma tetraura;4;0,00;N;small
Jeffreysbaai;SOUTH;infested;WEST;3;Scoletoma tetraura;1;0,00;N;
Jeffreysbaai;SOUTH;non infested;WEST;2;Scoletoma tetraura;6;0,00;N;small
Jeffreysbaai;SOUTH;non infested;WEST;3;Scoletoma tetraura;11;0,00;N;small
Mosselbaai;SOUTH;infested;WEST;4;Scoletoma tetraura;1;0,00;N;
Old Woman's River;SOUTH;infested;EAST;2;Scoletoma tetraura;21;4,50;N;
Old Woman's River;SOUTH;infested;EAST;4;Scoletoma tetraura;1;0,00;N;small
Old Woman's River;SOUTH;infested;WEST;2;Scoletoma tetraura;11;3,10;N;
Old Woman's River;SOUTH;infested;WEST;3;Scoletoma tetraura;4;0,00;N;small
Old Woman's River;SOUTH;non infested;EAST;2;Scoletoma tetraura;11;2,10;N;
Old Woman's River;SOUTH;non infested;EAST;3;Scoletoma tetraura;3;0,00;N;small
Old Woman's River;SOUTH;non infested;EAST;4;Scoletoma tetraura;4;0,10;N;
Old Woman's River;SOUTH;non infested;WEST;2;Scoletoma tetraura;8;0,80;N;
Old Woman's River;SOUTH;non infested;WEST;3;Scoletoma tetraura;6;1,00;N;
Old Woman's River;SOUTH;non infested;WEST;4;Scoletoma tetraura;1;0,00;N;
Brenton-on-Sea;SOUTH;infested;WEST;1;Scutellastra granularis;7;428,30;N;
Brenton-on-Sea;SOUTH;infested;WEST;2;Scutellastra granularis;5;248,10;N;
Brenton-on-Sea;SOUTH;infested;WEST;4;Scutellastra granularis;7;214,90;N;
Brenton-on-Sea;SOUTH;non infested;WEST;1;Scutellastra granularis;6;229,00;N;
Brenton-on-Sea;SOUTH;non infested;WEST;2;Scutellastra granularis;7;300,20;N;
Brenton-on-Sea;SOUTH;non infested;WEST;3;Scutellastra granularis;5;288,50;N;
Brenton-on-Sea;SOUTH;non infested;WEST;4;Scutellastra granularis;9;173,20;N;
Jeffreysbaai;SOUTH;infested;WEST;1;Scutellastra granularis;13;654,30;N;
Jeffreysbaai;SOUTH;infested;WEST;2;Scutellastra granularis;1;4,10;N;
Jeffreysbaai;SOUTH;infested;WEST;3;Scutellastra granularis;7;189,30;N;
Jeffreysbaai;SOUTH;non infested;WEST;1;Scutellastra granularis;14;252,90;N;
Jeffreysbaai;SOUTH;non infested;WEST;2;Scutellastra granularis;2;115,00;N;
Jeffreysbaai;SOUTH;non infested;WEST;3;Scutellastra granularis;3;67,20;N;
Mosselbaai;SOUTH;infested;WEST;1;Scutellastra granularis;4;189,00;N;
Mosselbaai;SOUTH;infested;WEST;3;Scutellastra granularis;2;88,60;N;
Mosselbaai;SOUTH;infested;WEST;4;Scutellastra granularis;4;186,00;N;
Mosselbaai;SOUTH;non infested;WEST;1;Scutellastra granularis;1;30,40;N;
Mosselbaai;SOUTH;non infested;WEST;2;Scutellastra granularis;1;38,20;N;
Mosselbaai;SOUTH;non infested;WEST;4;Scutellastra granularis;5;134,50;N;
Old Woman's River;SOUTH;infested;EAST;3;Scutellastra granularis;1;67,20;N;
Old Woman's River;SOUTH;infested;EAST;4;Scutellastra granularis;1;4,80;N;
Old Woman's River;SOUTH;infested;WEST;3;Scutellastra granularis;3;165,80;N;
Old Woman's River;SOUTH;infested;WEST;4;Scutellastra granularis;6;226,50;N;
Old Woman's River;SOUTH;non infested;EAST;3;Scutellastra granularis;2;103,20;N;
Old Woman's River;SOUTH;non infested;EAST;4;Scutellastra granularis;4;99,40;N;
Old Woman's River;SOUTH;non infested;WEST;1;Scutellastra granularis;3;115,40;N;
Old Woman's River;SOUTH;non infested;WEST;3;Scutellastra granularis;1;29,50;N;
Old Woman's River;SOUTH;non infested;WEST;4;Scutellastra granularis;6;251,60;N;
Port Edward;EAST;infested;EAST;1;Scutellastra granularis;10;31,30;N;
Port Edward;EAST;infested;EAST;2;Scutellastra granularis;18;28,50;Y;
Port Edward;EAST;infested;EAST;3;Scutellastra granularis;1;25,05;N;
Port Edward;EAST;non infested;EAST;1;Scutellastra granularis;27;79,40;N;
Port Edward;EAST;non infested;EAST;2;Scutellastra granularis;5;8,40;N;
Port Edward;EAST;non infested;EAST;3;Scutellastra granularis;11;17,60;N;
Jeffreysbaai;SOUTH;infested;WEST;3;Scutellastra longicosta;1;211,90;N;
Port Edward;EAST;infested;EAST;2;Scutellastra natalensis;1;10,50;Y;
Port Edward;EAST;infested;EAST;3;Scutellastra natalensis;11;102,00;N;
Port Edward;EAST;infested;EAST;3;Scutellastra obtecta;4;11,00;Y;
Port Edward;EAST;non infested;EAST;1;Scutellastra obtecta;1;2,40;Y;
Port Edward;EAST;non infested;EAST;4;Scutellastra obtecta;3;1,10;Y;
Port Edward;EAST;non infested;EAST;4;Sedentaria;1;0,00;N;
Brenton-on-Sea;SOUTH;infested;WEST;4;Siphonaria capensis;1;4,80;N;
Brenton-on-Sea;SOUTH;non infested;WEST;1;Siphonaria capensis;1;1,90;N;
Brenton-on-Sea;SOUTH;non infested;WEST;2;Siphonaria capensis;3;18,60;N;
Jeffreysbaai;SOUTH;infested;WEST;1;Siphonaria capensis;7;24,50;N;
Jeffreysbaai;SOUTH;infested;WEST;2;Siphonaria capensis;7;6,20;N;
Jeffreysbaai;SOUTH;non infested;WEST;3;Siphonaria capensis;1;2,40;N;
Mosselbaai;SOUTH;infested;WEST;2;Siphonaria capensis;1;39,20;Y;
Mosselbaai;SOUTH;non infested;WEST;2;Siphonaria capensis;2;73,20;N;
Jeffreysbaai;SOUTH;non infested;WEST;1;Siphonaria concinna;4;38,30;N;
Jeffreysbaai;SOUTH;non infested;WEST;2;Siphonaria concinna;7;11,10;N;
Mosselbaai;SOUTH;infested;WEST;2;Siphonaria concinna;1;13,70;Y;
Mosselbaai;SOUTH;non infested;WEST;3;Siphonaria concinna;1;3,70;N;
Jeffreysbaai;SOUTH;infested;WEST;3;Siphonaria oculus;5;49,90;N;
Old Woman's River;SOUTH;non infested;EAST;3;Siphonaria serrata;1;4,10;N;ID - to check
Jeffreysbaai;SOUTH;infested;WEST;2;Sipunculida;1;NA;N;ID - to check
Old Woman's River;SOUTH;infested;EAST;2;Sipunculida;8;NA;N;ID - to check
Old Woman's River;SOUTH;infested;EAST;4;Sipunculida;1;NA;N;ID - to check
Old Woman's River;SOUTH;infested;WEST;2;Sipunculida;4;NA;N;ID - to check
Old Woman's River;SOUTH;infested;WEST;4;Sipunculida;2;NA;N;ID - to check
Old Woman's River;SOUTH;non infested;EAST;1;Sipunculida;3;NA;N;ID - to check
Old Woman's River;SOUTH;non infested;EAST;2;Sipunculida;8;NA;N;ID - to check
Old Woman's River;SOUTH;non infested;EAST;3;Sipunculida;1;NA;N;ID - to check
Old Woman's River;SOUTH;non infested;WEST;1;Sipunculida;3;NA;N;ID - to check
Old Woman's River;SOUTH;non infested;WEST;2;Sipunculida;7;NA;N;ID - to check
Old Woman's River;SOUTH;non infested;WEST;3;Sipunculida;7;NA;N;ID - to check
Old Woman's River;SOUTH;non infested;WEST;4;Sipunculida;1;NA;N;ID - to check
Port Edward;EAST;infested;EAST;1;Solidobalanus elizabethae;2;0,10;N;ID - not confident
Brenton-on-Sea;SOUTH;infested;WEST;1;Sphaeramene polytylotos;14;333,90;N;
Brenton-on-Sea;SOUTH;infested;WEST;2;Sphaeramene polytylotos;8;115,90;N;
Brenton-on-Sea;SOUTH;infested;WEST;4;Sphaeramene polytylotos;3;47,70;N;
Brenton-on-Sea;SOUTH;non infested;WEST;2;Sphaeramene polytylotos;13;162,00;N;
Brenton-on-Sea;SOUTH;non infested;WEST;3;Sphaeramene polytylotos;14;174,10;N;
Brenton-on-Sea;SOUTH;non infested;WEST;4;Sphaeramene polytylotos;17;292,60;N;
Old Woman's River;SOUTH;infested;EAST;2;Sphaeramene polytylotos;5;107,20;N;
Old Woman's River;SOUTH;infested;WEST;2;Sphaeramene polytylotos;1;20,50;N;
Old Woman's River;SOUTH;infested;WEST;4;Sphaeramene polytylotos;1;8,90;N;
Old Woman's River;SOUTH;non infested;EAST;1;Sphaeramene polytylotos;3;55,00;N;
Old Woman's River;SOUTH;non infested;EAST;2;Sphaeramene polytylotos;1;11,50;N;
Old Woman's River;SOUTH;non infested;EAST;3;Sphaeramene polytylotos;1;22,90;N;
Old Woman's River;SOUTH;non infested;WEST;1;Sphaeramene polytylotos;1;14,90;N;
Old Woman's River;SOUTH;non infested;WEST;2;Sphaeramene polytylotos;2;34,20;N;
Old Woman's River;SOUTH;non infested;WEST;4;Sphaeramene polytylotos;9;161,30;N;
Port Edward;EAST;non infested;EAST;4;Spirobranchus kraussi;1;0,00;N;
Mosselbaai;SOUTH;infested;WEST;1;Stenetrium sp.;1;0,00;Y;ID - to check
Brenton-on-Sea;SOUTH;infested;WEST;1;Syllidae;1;0,17;N;
Brenton-on-Sea;SOUTH;non infested;WEST;1;Syllidae;1;0,00;N;small
Brenton-on-Sea;SOUTH;non infested;WEST;3;Syllidae;2;0,34;N;
Jeffreysbaai;SOUTH;non infested;WEST;2;Syllidae;8;1,36;N;
Jeffreysbaai;SOUTH;non infested;WEST;3;Syllidae;3;0,00;N;small
Mosselbaai;SOUTH;infested;WEST;1;Syllidae;1;0,00;N;
Mosselbaai;SOUTH;infested;WEST;4;Syllidae;1;0,00;Y;
Mosselbaai;SOUTH;non infested;WEST;4;Syllidae;2;0,50;N;
Old Woman's River;SOUTH;infested;EAST;2;Syllidae;13;2,21;N;
Old Woman's River;SOUTH;infested;EAST;3;Syllidae;1;0,00;N;
Old Woman's River;SOUTH;infested;WEST;2;Syllidae;11;1,87;N;
Old Woman's River;SOUTH;infested;WEST;4;Syllidae;1;0,00;N;
Old Woman's River;SOUTH;non infested;EAST;1;Syllidae;1;0,17;N;
Old Woman's River;SOUTH;non infested;EAST;2;Syllidae;7;1,19;N;
Old Woman's River;SOUTH;non infested;EAST;3;Syllidae;2;0,34;N;
Old Woman's River;SOUTH;non infested;WEST;1;Syllidae;1;0,17;N;
Old Woman's River;SOUTH;non infested;WEST;2;Syllidae;9;2,40;N;
Old Woman's River;SOUTH;non infested;WEST;3;Syllidae;4;0,68;N;
Old Woman's River;SOUTH;non infested;WEST;4;Syllidae;2;0,34;N;
Port Edward;EAST;infested;EAST;2;Syllidae;1;0,60;Y;
Port Edward;EAST;non infested;EAST;3;Syllidae;1;0,20;N;
Port Edward;EAST;non infested;EAST;4;Syllidae;1;0,00;N;
Brenton-on-Sea;SOUTH;infested;WEST;1;Talorchestia sp.;25;23,90;N;
Brenton-on-Sea;SOUTH;infested;WEST;2;Talorchestia sp.;43;36,80;N;
Brenton-on-Sea;SOUTH;infested;WEST;4;Talorchestia sp.;108;99,80;N;
Brenton-on-Sea;SOUTH;non infested;WEST;1;Talorchestia sp.;88;70,10;N;
Brenton-on-Sea;SOUTH;non infested;WEST;2;Talorchestia sp.;120;105,40;N;
Brenton-on-Sea;SOUTH;non infested;WEST;3;Talorchestia sp.;48;44,50;N;
Brenton-on-Sea;SOUTH;non infested;WEST;4;Talorchestia sp.;169;177,20;N;
Jeffreysbaai;SOUTH;infested;WEST;1;Talorchestia sp.;10;4,50;N;
Jeffreysbaai;SOUTH;infested;WEST;2;Talorchestia sp.;35;21,90;N;
Jeffreysbaai;SOUTH;infested;WEST;3;Talorchestia sp.;9;4,90;N;
Jeffreysbaai;SOUTH;non infested;WEST;1;Talorchestia sp.;16;9,90;N;
Jeffreysbaai;SOUTH;non infested;WEST;2;Talorchestia sp.;15;4,20;N;
Jeffreysbaai;SOUTH;non infested;WEST;3;Talorchestia sp.;10;8,90;N;
Old Woman's River;SOUTH;infested;EAST;1;Talorchestia sp.;13;7,40;N;
Old Woman's River;SOUTH;infested;EAST;2;Talorchestia sp.;14;1,40;N;
Old Woman's River;SOUTH;infested;EAST;3;Talorchestia sp.;22;10,60;N;
Old Woman's River;SOUTH;infested;EAST;4;Talorchestia sp.;25;9,50;N;
Old Woman's River;SOUTH;infested;WEST;1;Talorchestia sp.;17;11,70;N;
Old Woman's River;SOUTH;infested;WEST;2;Talorchestia sp.;7;0,20;N;
Old Woman's River;SOUTH;infested;WEST;3;Talorchestia sp.;2;2,80;N;
Old Woman's River;SOUTH;infested;WEST;4;Talorchestia sp.;17;3,00;N;
Old Woman's River;SOUTH;non infested;EAST;1;Talorchestia sp.;8;5,60;N;
Old Woman's River;SOUTH;non infested;EAST;2;Talorchestia sp.;9;1,50;N;
Old Woman's River;SOUTH;non infested;EAST;3;Talorchestia sp.;6;1,00;N;
Old Woman's River;SOUTH;non infested;EAST;4;Talorchestia sp.;4;0,40;N;
Old Woman's River;SOUTH;non infested;WEST;1;Talorchestia sp.;15;9,20;N;
Old Woman's River;SOUTH;non infested;WEST;2;Talorchestia sp.;5;0,70;N;
Old Woman's River;SOUTH;non infested;WEST;3;Talorchestia sp.;3;2,10;N;
Old Woman's River;SOUTH;non infested;WEST;4;Talorchestia sp.;12;3,90;N;
Port Edward;EAST;infested;EAST;2;Talorchestia sp.;3;4,60;N;
Port Edward;EAST;infested;EAST;3;Talorchestia sp.;3;5,70;N;
Port Edward;EAST;non infested;EAST;2;Talorchestia sp.;1;1,00;N;
Port Edward;EAST;non infested;EAST;3;Talorchestia sp.;30;44,40;N;
Port Edward;EAST;non infested;EAST;4;Talorchestia sp.;3;2,20;N;
Jeffreysbaai;SOUTH;non infested;WEST;3;Tanystylum brevipes;1;0,00;N;small
Brenton-on-Sea;SOUTH;infested;WEST;1;Telmatogeton minor;2;0,30;N;ID - larvae
Brenton-on-Sea;SOUTH;non infested;WEST;2;Telmatogeton minor;1;0,40;N;
Brenton-on-Sea;SOUTH;non infested;WEST;3;Telmatogeton minor;1;0,00;N;ID - larvae
Brenton-on-Sea;SOUTH;non infested;WEST;4;Telmatogeton minor;2;0,10;N;ID - larvae
Jeffreysbaai;SOUTH;non infested;WEST;3;Telmatogeton minor;1;0,40;N;ID - larvae
Mosselbaai;SOUTH;infested;WEST;4;Telmatogeton minor;1;0,30;N;ID - larvae
Mosselbaai;SOUTH;non infested;WEST;3;Telmatogeton minor;1;0,30;N;ID - larvae
Old Woman's River;SOUTH;infested;EAST;1;Telmatogeton minor;1;0,40;N;ID - larvae
Old Woman's River;SOUTH;infested;WEST;4;Telmatogeton minor;1;0,00;N;small, ID - larvae
Old Woman's River;SOUTH;non infested;EAST;1;Telmatogeton minor;1;0,80;N;ID - larvae
Old Woman's River;SOUTH;infested;WEST;3;Tetraclita serrata;1;21,60;N;
Old Woman's River;SOUTH;non infested;EAST;4;Tetraclita serrata;1;0,20;N;
Port Edward;EAST;infested;EAST;3;Tetraclita serrata;1;2,70;N;
Port Edward;EAST;non infested;EAST;1;Tetraclita serrata;1;6,13;Y;
Mosselbaai;SOUTH;infested;WEST;1;Thelepus sp.;1;0,00;N;small
Old Woman's River;SOUTH;infested;EAST;2;Thelepus sp.;2;4,30;N;
Old Woman's River;SOUTH;infested;WEST;2;Thelepus sp.;1;6,90;N;
Brenton-on-Sea;SOUTH;non infested;WEST;2;Tricolia capensis;1;1,66;N;
Brenton-on-Sea;SOUTH;non infested;WEST;4;Tricolia capensis;1;1,66;N;
Jeffreysbaai;SOUTH;infested;WEST;3;Tricolia capensis;6;5,80;N;
Jeffreysbaai;SOUTH;non infested;WEST;2;Tricolia capensis;2;1,40;N;
Old Woman's River;SOUTH;infested;EAST;3;Tricolia capensis;1;9,40;N;
Old Woman's River;SOUTH;infested;WEST;3;Tricolia capensis;1;0,00;Y;
Old Woman's River;SOUTH;non infested;EAST;2;Tricolia capensis;2;3,32;N;
Brenton-on-Sea;SOUTH;infested;WEST;1;Tricolia kochii;1;0,15;N;
Jeffreysbaai;SOUTH;non infested;WEST;3;Tricolia kochii;2;0,30;N;
Old Woman's River;SOUTH;infested;EAST;2;Tricolia kochii;4;0,60;N;ID - to check
Old Woman's River;SOUTH;infested;WEST;2;Tricolia kochii;3;0,00;N;
Old Woman's River;SOUTH;non infested;EAST;2;Tricolia kochii;9;1,35;N;
Old Woman's River;SOUTH;non infested;EAST;3;Tricolia kochii;2;0,30;N;
Brenton-on-Sea;SOUTH;infested;WEST;1;Tricolia neritina;3;0,36;N;
Brenton-on-Sea;SOUTH;infested;WEST;4;Tricolia neritina;3;0,00;N;small
Brenton-on-Sea;SOUTH;non infested;WEST;1;Tricolia neritina;1;0,00;N;
Brenton-on-Sea;SOUTH;non infested;WEST;2;Tricolia neritina;2;0,24;N;
Brenton-on-Sea;SOUTH;non infested;WEST;3;Tricolia neritina;6;0,40;N;small
Brenton-on-Sea;SOUTH;non infested;WEST;4;Tricolia neritina;46;5,52;N;
Jeffreysbaai;SOUTH;infested;WEST;2;Tricolia neritina;1;3,90;N;
Jeffreysbaai;SOUTH;non infested;WEST;2;Tricolia neritina;1;3,30;N;
Mosselbaai;SOUTH;non infested;WEST;4;Turbo cidaris cidaris;1;14,10;Y;
Brenton-on-Sea;SOUTH;non infested;WEST;3;Venerupis corrugata;2;9,00;Y;
Jeffreysbaai;SOUTH;non infested;WEST;2;Zeuxoides helleri;1;0,00;N;small
Jeffreysbaai;SOUTH;non infested;WEST;3;Zeuxoides helleri;1;0,00;N;small
Mosselbaai;SOUTH;infested;WEST;4;Zeuxoides helleri;1;0,00;Y;
Old Woman's River;SOUTH;non infested;EAST;4;Zeuxoides helleri;1;0,00;N;small
