date;time;corrosion;replicate;mussel_no;temp;mod_temp;ref.pic;notes
22/08/2023;0;corroded;1;1;31;31;M1;
22/08/2023;0;corroded;1;2;31;31;M2;
22/08/2023;0;corroded;1;3;31,1;31,1;M3;
22/08/2023;0;corroded;1;4;31,3;31,3;M4;
22/08/2023;0;corroded;1;5;31,9;31,9;M5;
22/08/2023;0;non corroded;1;1;30,8;30,8;M1;
22/08/2023;0;non corroded;1;2;30,2;30,2;M2;
22/08/2023;0;non corroded;1;3;31,2;31,2;M3;
22/08/2023;0;non corroded;1;4;31,6;31,6;M4;
22/08/2023;0;non corroded;1;5;31,1;31,1;M5;
22/08/2023;5;corroded;1;1;38;38;M1;
22/08/2023;5;corroded;1;2;38,6;38,6;M2;
22/08/2023;5;corroded;1;3;39,2;39,2;M3;
22/08/2023;5;corroded;1;4;38,9;38,9;M4;
22/08/2023;5;corroded;1;5;38,7;38,7;M5;
22/08/2023;5;corroded;2;1;38,7;38,7;M1;
22/08/2023;5;corroded;2;2;38,3;38,3;M2;
22/08/2023;5;corroded;2;3;38,6;38,6;M3;
22/08/2023;5;corroded;2;4;37,3;37,3;M4;
22/08/2023;5;corroded;2;5;38,5;38,5;M5;
22/08/2023;5;corroded;3;1;37,4;37,4;M1;blurry picture
22/08/2023;5;corroded;3;2;38,1;38,1;M2;blurry picture
22/08/2023;5;corroded;3;3;38,1;38,1;M3;blurry picture
22/08/2023;5;corroded;3;4;38,8;38,8;M4;blurry picture
22/08/2023;5;corroded;3;5;38,2;38,2;M5;blurry picture
22/08/2023;5;non corroded;1;1;40,3;40,3;M1;
22/08/2023;5;non corroded;1;2;39,3;39,3;M2;
22/08/2023;5;non corroded;1;3;38,3;38,3;M3;
22/08/2023;5;non corroded;1;4;38,7;38,7;M4;
22/08/2023;5;non corroded;1;5;38,3;38,3;M5;
22/08/2023;5;non corroded;2;1;40,3;40,3;M1;
22/08/2023;5;non corroded;2;2;39,1;39,1;M2;
22/08/2023;5;non corroded;2;3;41;41;M3;
22/08/2023;5;non corroded;2;4;39,9;39,9;M4;
22/08/2023;5;non corroded;2;5;39,4;39,4;M5;
22/08/2023;5;non corroded;3;1;38;38;M1;
22/08/2023;5;non corroded;3;2;40,8;40,8;M2;
22/08/2023;5;non corroded;3;3;39,3;39,3;M3;
22/08/2023;5;non corroded;3;4;39,9;39,9;M4;
22/08/2023;5;non corroded;3;5;39,7;39,7;M5;
22/08/2023;10;corroded;1;1;34,1;34,1;M1;wind gust
22/08/2023;10;corroded;1;2;33,5;33,5;M2;wind gust
22/08/2023;10;corroded;1;3;34,1;34,1;M3;wind gust
22/08/2023;10;corroded;1;4;32,9;32,9;M4;wind gust
22/08/2023;10;corroded;1;5;34;34;M5;wind gust
22/08/2023;10;non corroded;1;1;34;34;M1;wind gust
22/08/2023;10;non corroded;1;2;37,1;37,1;M2;wind gust
22/08/2023;10;non corroded;1;3;34,4;34,4;M3;wind gust
22/08/2023;10;non corroded;1;4;34,2;34,2;M4;wind gust
22/08/2023;10;non corroded;1;5;36,9;36,9;M5;wind gust
22/08/2023;10;non corroded;2;1;37,3;37,3;M1;
22/08/2023;10;non corroded;2;2;38,3;38,3;M2;
22/08/2023;10;non corroded;2;3;36,6;36,6;M3;
22/08/2023;10;non corroded;2;4;36,4;36,4;M4;
22/08/2023;10;non corroded;2;5;37,8;37,8;M5;
22/08/2023;15;corroded;1;1;40,4;40,4;M1;
22/08/2023;15;corroded;1;2;40,8;40,8;M2;
22/08/2023;15;corroded;1;3;40,5;40,5;M3;
22/08/2023;15;corroded;1;4;38,7;38,7;M4;
22/08/2023;15;corroded;1;5;40,3;40,3;M5;
22/08/2023;15;corroded;2;1;38,7;38,7;M1;blurry picture
22/08/2023;15;corroded;2;2;39,5;39,5;M2;blurry picture
22/08/2023;15;corroded;2;3;39,7;39,7;M3;blurry picture
22/08/2023;15;corroded;2;4;38,7;38,7;M4;blurry picture
22/08/2023;15;corroded;2;5;40,8;40,8;M5;blurry picture
22/08/2023;15;corroded;3;1;39,8;39,8;M1;blurry picture
22/08/2023;15;corroded;3;2;40,4;40,4;M2;blurry picture
22/08/2023;15;corroded;3;3;40,3;40,3;M3;blurry picture
22/08/2023;15;corroded;3;4;40,4;40,4;M4;blurry picture
22/08/2023;15;corroded;3;5;39,7;39,7;M5;blurry picture
22/08/2023;15;non corroded;1;1;69,9;39,9;M1;harsh increase in temperature
22/08/2023;15;non corroded;1;2;69,6;39,6;M2;harsh increase in temperature
22/08/2023;15;non corroded;1;3;66,4;36,4;M3;harsh increase in temperature
22/08/2023;15;non corroded;1;4;67,5;37,5;M4;harsh increase in temperature
22/08/2023;15;non corroded;1;5;67,2;37,2;M5;harsh increase in temperature
22/08/2023;15;non corroded;2;1;42,8;42,8;M1;blurry picture
22/08/2023;15;non corroded;2;2;41,8;41,8;M2;blurry picture
22/08/2023;15;non corroded;2;3;42,8;42,8;M3;blurry picture
22/08/2023;15;non corroded;2;4;40,1;40,1;M4;blurry picture
22/08/2023;15;non corroded;2;5;42,5;42,5;M5;blurry picture
22/08/2023;15;non corroded;3;1;42,9;42,9;M1;blurry picture
22/08/2023;15;non corroded;3;2;43,9;43,9;M2;blurry picture
22/08/2023;15;non corroded;3;3;40,7;40,7;M3;blurry picture
22/08/2023;15;non corroded;3;4;41,7;41,7;M4;blurry picture
22/08/2023;15;non corroded;3;5;40;40;M5;blurry picture
22/08/2023;20;corroded;1;1;38;38;M1;
22/08/2023;20;corroded;1;2;37,2;37,2;M2;
22/08/2023;20;corroded;1;3;37,7;37,7;M3;
22/08/2023;20;corroded;1;4;38,3;38,3;M4;
22/08/2023;20;corroded;1;5;36,4;36,4;M5;
22/08/2023;20;corroded;2;1;35,3;35,3;M1;
22/08/2023;20;corroded;2;2;37,9;37,9;M2;
22/08/2023;20;corroded;2;3;36,9;36,9;M3;
22/08/2023;20;corroded;2;4;36;36;M4;
22/08/2023;20;corroded;2;5;37,8;37,8;M5;
22/08/2023;20;corroded;3;1;38,4;38,4;M1;
22/08/2023;20;corroded;3;2;38,8;38,8;M2;
22/08/2023;20;corroded;3;3;38,2;38,2;M3;
22/08/2023;20;corroded;3;4;38,2;38,2;M4;
22/08/2023;20;corroded;3;5;37,1;37,1;M5;
22/08/2023;20;non corroded;1;1;40,3;40,3;M1;
22/08/2023;20;non corroded;1;2;39,8;39,8;M2;
22/08/2023;20;non corroded;1;3;39,2;39,2;M3;
22/08/2023;20;non corroded;1;4;37,4;37,4;M4;
22/08/2023;20;non corroded;1;5;38,6;38,6;M5;
22/08/2023;20;non corroded;2;1;38,5;38,5;M1;
22/08/2023;20;non corroded;2;2;38,9;38,9;M2;
22/08/2023;20;non corroded;2;3;41;41;M3;
22/08/2023;20;non corroded;2;4;38,6;38,6;M4;
22/08/2023;20;non corroded;2;5;38,5;38,5;M5;
22/08/2023;20;non corroded;3;1;40,6;40,6;M1;
22/08/2023;20;non corroded;3;2;39,4;39,4;M2;
22/08/2023;20;non corroded;3;3;39,3;39,3;M3;
22/08/2023;20;non corroded;3;4;39,6;39,6;M4;
22/08/2023;20;non corroded;3;5;39,8;39,8;M5;
22/08/2023;25;corroded;2;1;40,4;40,4;M1;blurry picture
22/08/2023;25;corroded;2;2;41,8;41,8;M2;blurry picture
22/08/2023;25;corroded;2;3;40,7;40,7;M3;blurry picture
22/08/2023;25;corroded;2;4;40,3;40,3;M4;blurry picture
22/08/2023;25;corroded;2;5;40,1;40,1;M5;blurry picture
22/08/2023;25;non corroded;1;1;40,9;40,9;M1;blurry picture
22/08/2023;25;non corroded;1;2;40,6;40,6;M2;blurry picture
22/08/2023;25;non corroded;1;3;40,7;40,7;M3;blurry picture
22/08/2023;25;non corroded;1;4;40,6;40,6;M4;blurry picture
22/08/2023;25;non corroded;1;5;40,7;40,7;M5;blurry picture
22/08/2023;25;non corroded;2;1;42,3;42,3;M1;blurry picture
22/08/2023;25;non corroded;2;2;44,4;44,4;M2;blurry picture
22/08/2023;25;non corroded;2;3;41;41;M3;blurry picture
22/08/2023;25;non corroded;2;4;41,8;41,8;M4;blurry picture
22/08/2023;25;non corroded;2;5;40,7;40,7;M5;blurry picture
22/08/2023;25;non corroded;3;1;45,1;45,1;M1;blurry picture
22/08/2023;25;non corroded;3;2;42,9;42,9;M2;blurry picture
22/08/2023;25;non corroded;3;3;44,1;44,1;M3;blurry picture
22/08/2023;25;non corroded;3;4;42,6;42,6;M4;blurry picture
22/08/2023;25;non corroded;3;5;43,7;43,7;M5;blurry picture
22/08/2023;30;corroded;1;1;35,6;35,6;M1;wind gust
22/08/2023;30;corroded;1;2;35,5;35,5;M2;wind gust
22/08/2023;30;corroded;1;3;35,4;35,4;M3;wind gust
22/08/2023;30;corroded;1;4;34,7;34,7;M4;wind gust
22/08/2023;30;corroded;1;5;34,6;34,6;M5;wind gust
22/08/2023;30;corroded;2;1;34,1;34,1;M1;wind gust
22/08/2023;30;corroded;2;2;34,6;34,6;M2;wind gust
22/08/2023;30;corroded;2;3;34,2;34,2;M3;wind gust
22/08/2023;30;corroded;2;4;34,5;34,5;M4;wind gust
22/08/2023;30;corroded;2;5;35,4;35,4;M5;wind gust
22/08/2023;30;non corroded;1;1;38,1;38,1;M1;wind gust
22/08/2023;30;non corroded;1;2;38;38;M2;wind gust
22/08/2023;30;non corroded;1;3;36,4;36,4;M3;wind gust
22/08/2023;30;non corroded;1;4;34,2;34,2;M4;wind gust
22/08/2023;30;non corroded;1;5;35,5;35,5;M5;wind gust
22/08/2023;30;non corroded;2;1;35,3;35,3;M1;wind gust
22/08/2023;30;non corroded;2;2;35,1;35,1;M2;wind gust
22/08/2023;30;non corroded;2;3;36,5;36,5;M3;wind gust
22/08/2023;30;non corroded;2;4;37,1;37,1;M4;wind gust
22/08/2023;30;non corroded;2;5;36,7;36,7;M5;wind gust
22/08/2023;30;non corroded;3;1;39;39;M1;
22/08/2023;30;non corroded;3;2;36;36;M2;
22/08/2023;30;non corroded;3;3;37,8;37,8;M3;
22/08/2023;30;non corroded;3;4;36,3;36,3;M4;
22/08/2023;30;non corroded;3;5;35,4;35,4;M5;
22/08/2023;35;corroded;1;1;34,7;34,7;M1;
22/08/2023;35;corroded;1;2;34,8;34,8;M2;
22/08/2023;35;corroded;1;3;34,9;34,9;M3;
22/08/2023;35;corroded;1;4;35;35;M4;
22/08/2023;35;corroded;1;5;33,6;33,6;M5;
22/08/2023;35;corroded;2;1;33,8;33,8;M1;
22/08/2023;35;corroded;2;2;34;34;M2;
22/08/2023;35;corroded;2;3;33,9;33,9;M3;
22/08/2023;35;corroded;2;4;33,5;33,5;M4;
22/08/2023;35;corroded;2;5;33,8;33,8;M5;
22/08/2023;35;non corroded;1;1;38,3;38,3;M1;
22/08/2023;35;non corroded;1;2;35,8;35,8;M2;
22/08/2023;35;non corroded;1;3;35,5;35,5;M3;
22/08/2023;35;non corroded;1;4;36,3;36,3;M4;
22/08/2023;35;non corroded;1;5;36,8;36,8;M5;
22/08/2023;35;non corroded;2;1;37,1;37,1;M1;
22/08/2023;35;non corroded;2;2;34,7;34,7;M2;
22/08/2023;35;non corroded;2;3;37,1;37,1;M3;
22/08/2023;35;non corroded;2;4;35,9;35,9;M4;
22/08/2023;35;non corroded;2;5;34,7;34,7;M5;
22/08/2023;35;non corroded;3;1;39;39;M1;
22/08/2023;35;non corroded;3;2;36,1;36,1;M2;
22/08/2023;35;non corroded;3;3;37,1;37,1;M3;
22/08/2023;35;non corroded;3;4;37,7;37,7;M4;
22/08/2023;35;non corroded;3;5;36,9;36,9;M5;
22/08/2023;40;corroded;1;1;37,3;37,3;M1;wind gust
22/08/2023;40;corroded;1;2;36,1;36,1;M2;wind gust
22/08/2023;40;corroded;1;3;35,8;35,8;M3;wind gust
22/08/2023;40;corroded;1;4;36,2;36,2;M4;wind gust
22/08/2023;40;corroded;1;5;36,9;36,9;M5;wind gust
22/08/2023;40;corroded;2;1;36,1;36,1;M1;wind gust
22/08/2023;40;corroded;2;2;36,2;36,2;M2;wind gust
22/08/2023;40;corroded;2;3;34,8;34,8;M3;wind gust
22/08/2023;40;corroded;2;4;36,6;36,6;M4;wind gust
22/08/2023;40;corroded;2;5;33,6;33,6;M5;wind gust
22/08/2023;40;non corroded;1;1;37,4;37,4;M1;wind gust
22/08/2023;40;non corroded;1;2;40;40;M2;wind gust
22/08/2023;40;non corroded;1;3;39,7;39,7;M3;wind gust
22/08/2023;40;non corroded;1;4;37,2;37,2;M4;wind gust
22/08/2023;40;non corroded;1;5;37,2;37,2;M5;wind gust
22/08/2023;40;non corroded;2;1;39,7;39,7;M1;wind gust
22/08/2023;40;non corroded;2;2;38,3;38,3;M2;wind gust
22/08/2023;40;non corroded;2;3;38,1;38,1;M3;wind gust
22/08/2023;40;non corroded;2;4;38,2;38,2;M4;wind gust
22/08/2023;40;non corroded;2;5;37,3;37,3;M5;wind gust
22/08/2023;45;corroded;1;1;49,5;49,5;M1;
22/08/2023;45;corroded;1;2;51,5;51,5;M2;
22/08/2023;45;corroded;1;3;50,5;50,5;M3;
22/08/2023;45;corroded;1;4;50,7;50,7;M4;
22/08/2023;45;corroded;1;5;50,3;50,3;M5;
22/08/2023;45;corroded;2;1;45,8;45,8;M1;
22/08/2023;45;corroded;2;2;43,1;43,1;M2;
22/08/2023;45;corroded;2;3;42,7;42,7;M3;
22/08/2023;45;corroded;2;4;43,8;43,8;M4;
22/08/2023;45;corroded;2;5;42,8;42,8;M5;
22/08/2023;45;corroded;3;1;46,2;46,2;M1;
22/08/2023;45;corroded;3;2;45,5;45,5;M2;
22/08/2023;45;corroded;3;3;44,1;44,1;M3;
22/08/2023;45;corroded;3;4;44,8;44,8;M4;
22/08/2023;45;corroded;3;5;43,8;43,8;M5;
22/08/2023;45;non corroded;1;1;53,8;53,8;M1;
22/08/2023;45;non corroded;1;2;51,6;51,6;M2;
22/08/2023;45;non corroded;1;3;51,1;51,1;M3;
22/08/2023;45;non corroded;1;4;51,1;51,1;M4;
22/08/2023;45;non corroded;1;5;54,6;54,6;M5;
22/08/2023;45;non corroded;2;1;52,5;52,5;M1;
22/08/2023;45;non corroded;2;2;52,2;52,2;M2;
22/08/2023;45;non corroded;2;3;51,6;51,6;M3;
22/08/2023;45;non corroded;2;4;51,1;51,1;M4;
22/08/2023;45;non corroded;2;5;53,4;53,4;M5;
22/08/2023;45;non corroded;3;1;47,5;47,5;M1;
22/08/2023;45;non corroded;3;2;45,2;45,2;M2;
22/08/2023;45;non corroded;3;3;48,5;48,5;M3;
22/08/2023;45;non corroded;3;4;47,5;47,5;M4;
22/08/2023;45;non corroded;3;5;47,6;47,6;M5;
22/08/2023;50;corroded;1;1;44;44;M1;
22/08/2023;50;corroded;1;2;45,1;45,1;M2;
22/08/2023;50;corroded;1;3;44,1;44,1;M3;
22/08/2023;50;corroded;1;4;44,5;44,5;M4;
22/08/2023;50;corroded;1;5;44,4;44,4;M5;
22/08/2023;50;corroded;2;1;43,8;43,8;M1;
22/08/2023;50;corroded;2;2;43,5;43,5;M2;
22/08/2023;50;corroded;2;3;43,2;43,2;M3;
22/08/2023;50;corroded;2;4;43,7;43,7;M4;
22/08/2023;50;corroded;2;5;43,3;43,3;M5;
22/08/2023;50;corroded;3;1;45,7;45,7;M1;blurry picture
22/08/2023;50;corroded;3;2;45,7;45,7;M2;blurry picture
22/08/2023;50;corroded;3;3;44,3;44,3;M3;blurry picture
22/08/2023;50;corroded;3;4;45,4;45,4;M4;blurry picture
22/08/2023;50;corroded;3;5;44,6;44,6;M5;blurry picture
22/08/2023;50;non corroded;1;1;47,2;47,2;M1;
22/08/2023;50;non corroded;1;2;47,3;47,3;M2;
22/08/2023;50;non corroded;1;3;45,3;45,3;M3;
22/08/2023;50;non corroded;1;4;44,9;44,9;M4;
22/08/2023;50;non corroded;1;5;45,4;45,4;M5;
22/08/2023;50;non corroded;2;1;44,5;44,5;M1;
22/08/2023;50;non corroded;2;2;45,1;45,1;M2;
22/08/2023;50;non corroded;2;3;45,4;45,4;M3;
22/08/2023;50;non corroded;2;4;44,7;44,7;M4;
22/08/2023;50;non corroded;2;5;45,5;45,5;M5;
22/08/2023;50;non corroded;3;1;49,5;49,5;M1;blurry picture
22/08/2023;50;non corroded;3;2;47,4;47,4;M2;blurry picture
22/08/2023;50;non corroded;3;3;47,8;47,8;M3;blurry picture
22/08/2023;50;non corroded;3;4;48,5;48,5;M4;blurry picture
22/08/2023;50;non corroded;3;5;47,4;47,4;M5;blurry picture
22/08/2023;55;corroded;1;1;42;42;M1;
22/08/2023;55;corroded;1;2;42,5;42,5;M2;
22/08/2023;55;corroded;1;3;43,5;43,5;M3;
22/08/2023;55;corroded;1;4;40;40;M4;
22/08/2023;55;corroded;1;5;42,6;42,6;M5;
22/08/2023;55;corroded;2;1;39,1;39,1;M1;
22/08/2023;55;corroded;2;2;40,9;40,9;M2;
22/08/2023;55;corroded;2;3;40,9;40,9;M3;
22/08/2023;55;corroded;2;4;41,8;41,8;M4;
22/08/2023;55;corroded;2;5;40,9;40,9;M5;
22/08/2023;55;corroded;3;1;43,4;43,4;M1;
22/08/2023;55;corroded;3;2;42,5;42,5;M2;
22/08/2023;55;corroded;3;3;42;42;M3;
22/08/2023;55;corroded;3;4;43,6;43,6;M4;
22/08/2023;55;corroded;3;5;41,1;41,1;M5;
22/08/2023;55;non corroded;1;1;45,7;45,7;M1;
22/08/2023;55;non corroded;1;2;44,2;44,2;M2;
22/08/2023;55;non corroded;1;3;46,2;46,2;M3;
22/08/2023;55;non corroded;1;4;45,5;45,5;M4;
22/08/2023;55;non corroded;1;5;44,9;44,9;M5;
22/08/2023;55;non corroded;2;1;45;45;M1;
22/08/2023;55;non corroded;2;2;44,8;44,8;M2;
22/08/2023;55;non corroded;2;3;43,8;43,8;M3;
22/08/2023;55;non corroded;2;4;44,4;44,4;M4;
22/08/2023;55;non corroded;2;5;45;45;M5;
22/08/2023;55;non corroded;3;1;46,9;46,9;M1;
22/08/2023;55;non corroded;3;2;47,8;47,8;M2;
22/08/2023;55;non corroded;3;3;46,9;46,9;M3;
22/08/2023;55;non corroded;3;4;46,1;46,1;M4;
22/08/2023;55;non corroded;3;5;45,6;45,6;M5;
22/08/2023;60;corroded;1;1;63,3;43,3;M1;harsh increase in temperature
22/08/2023;60;corroded;1;2;57,8;37,8;M2;harsh increase in temperature
22/08/2023;60;corroded;1;3;58,6;38,6;M3;harsh increase in temperature
22/08/2023;60;corroded;1;4;58,2;38,2;M4;harsh increase in temperature
22/08/2023;60;corroded;1;5;59,5;39,5;M5;harsh increase in temperature
22/08/2023;60;corroded;2;1;41,8;41,8;M1;
22/08/2023;60;corroded;2;2;42,8;42,8;M2;
22/08/2023;60;corroded;2;3;40,3;40,3;M3;
22/08/2023;60;corroded;2;4;42,7;42,7;M4;
22/08/2023;60;corroded;2;5;42;42;M5;
22/08/2023;60;corroded;3;1;44,4;44,4;M1;
22/08/2023;60;corroded;3;2;44,4;44,4;M2;
22/08/2023;60;corroded;3;3;46,2;46,2;M3;
22/08/2023;60;corroded;3;4;45,6;45,6;M4;
22/08/2023;60;corroded;3;5;46,8;46,8;M5;
22/08/2023;60;non corroded;1;1;64,6;44,6;M1;harsh increase in temperature
22/08/2023;60;non corroded;1;2;66,1;46,1;M2;harsh increase in temperature
22/08/2023;60;non corroded;1;3;69,2;49,2;M3;harsh increase in temperature
22/08/2023;60;non corroded;1;4;67,1;47,1;M4;harsh increase in temperature
22/08/2023;60;non corroded;1;5;68,9;48,9;M5;harsh increase in temperature
22/08/2023;60;non corroded;2;1;44,1;44,1;M1;
22/08/2023;60;non corroded;2;2;45;45;M2;
22/08/2023;60;non corroded;2;3;45,4;45,4;M3;
22/08/2023;60;non corroded;2;4;44,2;44,2;M4;
22/08/2023;60;non corroded;2;5;46,2;46,2;M5;
22/08/2023;60;non corroded;3;1;46,6;46,6;M1;
22/08/2023;60;non corroded;3;2;48,9;48,9;M2;
22/08/2023;60;non corroded;3;3;50,7;50,7;M3;
22/08/2023;60;non corroded;3;4;47;47;M4;
22/08/2023;60;non corroded;3;5;47,7;47,7;M5;
22/08/2023;65;corroded;1;1;73,7;43,7;M1;harsh increase in temperature
22/08/2023;65;corroded;1;2;76,1;46,1;M2;harsh increase in temperature
22/08/2023;65;corroded;1;3;74,8;44,8;M3;harsh increase in temperature
22/08/2023;65;corroded;1;4;73,5;43,5;M4;harsh increase in temperature
22/08/2023;65;corroded;1;5;74,8;44,8;M5;harsh increase in temperature
22/08/2023;65;corroded;2;1;72,9;42,9;M1;harsh increase in temperature
22/08/2023;65;corroded;2;2;72;42;M2;harsh increase in temperature
22/08/2023;65;corroded;2;3;72,9;42,9;M3;harsh increase in temperature
22/08/2023;65;corroded;2;4;72,7;42,7;M4;harsh increase in temperature
22/08/2023;65;corroded;2;5;71,2;41,2;M5;harsh increase in temperature
22/08/2023;65;non corroded;1;1;76,6;46,6;M1;harsh increase in temperature
22/08/2023;65;non corroded;1;2;74,5;44,5;M2;harsh increase in temperature
22/08/2023;65;non corroded;1;3;75,5;45,5;M3;harsh increase in temperature
22/08/2023;65;non corroded;1;4;74,5;44,5;M4;harsh increase in temperature
22/08/2023;65;non corroded;1;5;74,4;44,4;M5;harsh increase in temperature
22/08/2023;65;non corroded;2;1;76,5;46,5;M1;harsh increase in temperature
22/08/2023;65;non corroded;2;2;76,1;46,1;M2;harsh increase in temperature
22/08/2023;65;non corroded;2;3;76,3;46,3;M3;harsh increase in temperature
22/08/2023;65;non corroded;2;4;75,5;45,5;M4;harsh increase in temperature
22/08/2023;65;non corroded;2;5;75,5;45,5;M5;harsh increase in temperature
22/08/2023;70;corroded;1;1;66,4;36,4;M1;harsh increase in temperature
22/08/2023;70;corroded;1;2;65,4;35,4;M2;harsh increase in temperature
22/08/2023;70;corroded;1;3;65,5;35,5;M3;harsh increase in temperature
22/08/2023;70;corroded;1;4;65,6;35,6;M4;harsh increase in temperature
22/08/2023;70;corroded;1;5;66,3;36,3;M5;harsh increase in temperature
22/08/2023;70;corroded;2;1;42,7;42,7;M1;
22/08/2023;70;corroded;2;2;42,5;42,5;M2;
22/08/2023;70;corroded;2;3;41,4;41,4;M3;
22/08/2023;70;corroded;2;4;43,7;43,7;M4;
22/08/2023;70;corroded;2;5;43,8;43,8;M5;
22/08/2023;70;corroded;3;1;45,3;45,3;M1;blurry picture
22/08/2023;70;corroded;3;2;44,4;44,4;M2;blurry picture
22/08/2023;70;corroded;3;3;45,3;45,3;M3;blurry picture
22/08/2023;70;corroded;3;4;45,2;45,2;M4;blurry picture
22/08/2023;70;corroded;3;5;42,8;42,8;M5;blurry picture
22/08/2023;70;non corroded;1;1;69,4;39,4;M1;harsh increase in temperature
22/08/2023;70;non corroded;1;2;69,5;39,5;M2;harsh increase in temperature
22/08/2023;70;non corroded;1;3;72;42;M3;harsh increase in temperature
22/08/2023;70;non corroded;1;4;71,6;41,6;M4;harsh increase in temperature
22/08/2023;70;non corroded;1;5;69,2;39,2;M5;harsh increase in temperature
22/08/2023;70;non corroded;2;1;44,5;44,5;M1;
22/08/2023;70;non corroded;2;2;45,5;45,5;M2;
22/08/2023;70;non corroded;2;3;49,8;49,8;M3;
22/08/2023;70;non corroded;2;4;49,5;49,5;M4;
22/08/2023;70;non corroded;2;5;47;47;M5;
22/08/2023;70;non corroded;3;1;48,8;48,8;M1;blurry picture
22/08/2023;70;non corroded;3;2;48,9;48,9;M2;blurry picture
22/08/2023;70;non corroded;3;3;48;48;M3;blurry picture
22/08/2023;70;non corroded;3;4;50,5;50,5;M4;blurry picture
22/08/2023;70;non corroded;3;5;49;49;M5;blurry picture
22/08/2023;75;corroded;1;1;46,2;46,2;M1;blurry picture
22/08/2023;75;corroded;1;2;43,3;43,3;M2;blurry picture
22/08/2023;75;corroded;1;3;44;44;M3;blurry picture
22/08/2023;75;corroded;1;4;44;44;M4;blurry picture
22/08/2023;75;corroded;1;5;45,5;45,5;M5;blurry picture
22/08/2023;75;corroded;2;1;45,4;45,4;M1;blurry picture
22/08/2023;75;corroded;2;2;41,4;41,4;M2;blurry picture
22/08/2023;75;corroded;2;3;45,5;45,5;M3;blurry picture
22/08/2023;75;corroded;2;4;45,1;45,1;M4;blurry picture
22/08/2023;75;corroded;2;5;44,7;44,7;M5;blurry picture
22/08/2023;75;non corroded;1;1;50,2;50,2;M1;blurry picture
22/08/2023;75;non corroded;1;2;47,1;47,1;M2;blurry picture
22/08/2023;75;non corroded;1;3;48,8;48,8;M3;blurry picture
22/08/2023;75;non corroded;1;4;48,5;48,5;M4;blurry picture
22/08/2023;75;non corroded;1;5;49;49;M5;blurry picture
22/08/2023;75;non corroded;2;1;49;49;M1;blurry picture
22/08/2023;75;non corroded;2;2;48,9;48,9;M2;blurry picture
22/08/2023;75;non corroded;2;3;47,9;47,9;M3;blurry picture
22/08/2023;75;non corroded;2;4;48,8;48,8;M4;blurry picture
22/08/2023;75;non corroded;2;5;50,2;50,2;M5;blurry picture
22/08/2023;75;non corroded;3;1;48,8;48,8;M1;blurry picture
22/08/2023;75;non corroded;3;2;50,9;50,9;M2;blurry picture
22/08/2023;75;non corroded;3;3;51,5;51,5;M3;blurry picture
22/08/2023;75;non corroded;3;4;48,3;48,3;M4;blurry picture
22/08/2023;75;non corroded;3;5;48,3;48,3;M5;blurry picture
22/08/2023;80;corroded;1;1;71,4;41,4;M1;harsh increase in temperature
22/08/2023;80;corroded;1;2;72,7;42,7;M2;harsh increase in temperature
22/08/2023;80;corroded;1;3;72,1;42,1;M3;harsh increase in temperature
22/08/2023;80;corroded;1;4;73,8;43,8;M4;harsh increase in temperature
22/08/2023;80;corroded;1;5;73,3;43,3;M5;harsh increase in temperature
22/08/2023;80;corroded;2;1;71;41;M1;harsh increase in temperature
22/08/2023;80;corroded;2;2;70,1;40,1;M2;harsh increase in temperature
22/08/2023;80;corroded;2;3;70,3;40,3;M3;harsh increase in temperature
22/08/2023;80;corroded;2;4;71,5;41,5;M4;harsh increase in temperature
22/08/2023;80;corroded;2;5;72,7;42,7;M5;harsh increase in temperature
22/08/2023;80;corroded;3;1;48,3;48,3;M1;blurry picture
22/08/2023;80;corroded;3;2;47,3;47,3;M2;blurry picture
22/08/2023;80;corroded;3;3;48,5;48,5;M3;blurry picture
22/08/2023;80;corroded;3;4;47;47;M4;blurry picture
22/08/2023;80;corroded;3;5;47,4;47,4;M5;blurry picture
22/08/2023;80;non corroded;1;1;77,3;47,3;M1;harsh increase in temperature
22/08/2023;80;non corroded;1;2;76,6;46,6;M2;harsh increase in temperature
22/08/2023;80;non corroded;1;3;77;47;M3;harsh increase in temperature
22/08/2023;80;non corroded;1;4;75,1;45,1;M4;harsh increase in temperature
22/08/2023;80;non corroded;1;5;75,9;45,9;M5;harsh increase in temperature
22/08/2023;80;non corroded;2;1;76,6;46,6;M1;harsh increase in temperature
22/08/2023;80;non corroded;2;2;74,9;44,9;M2;harsh increase in temperature
22/08/2023;80;non corroded;2;3;77,1;47,1;M3;harsh increase in temperature
22/08/2023;80;non corroded;2;4;76,9;46,9;M4;harsh increase in temperature
22/08/2023;80;non corroded;2;5;75,4;45,4;M5;harsh increase in temperature
22/08/2023;80;non corroded;3;1;77,1;47,1;M1;harsh increase in temperature
22/08/2023;80;non corroded;3;2;80,9;50,9;M2;harsh increase in temperature
22/08/2023;80;non corroded;3;3;79,8;49,8;M3;harsh increase in temperature
22/08/2023;80;non corroded;3;4;78,3;48,3;M4;harsh increase in temperature
22/08/2023;80;non corroded;3;5;77,5;47,5;M5;harsh increase in temperature
22/08/2023;85;corroded;1;1;46,4;46,4;M1;
22/08/2023;85;corroded;1;2;45,4;45,4;M2;
22/08/2023;85;corroded;1;3;45,9;45,9;M3;
22/08/2023;85;corroded;1;4;46;46;M4;
22/08/2023;85;corroded;1;5;46,6;46,6;M5;
22/08/2023;85;corroded;2;1;44,9;44,9;M1;
22/08/2023;85;corroded;2;2;44,8;44,8;M2;
22/08/2023;85;corroded;2;3;45;45;M3;
22/08/2023;85;corroded;2;4;43,6;43,6;M4;
22/08/2023;85;corroded;2;5;43,9;43,9;M5;
22/08/2023;85;corroded;3;1;44,9;44,9;M1;blurry picture
22/08/2023;85;corroded;3;2;44,1;44,1;M2;blurry picture
22/08/2023;85;corroded;3;3;45,6;45,6;M3;blurry picture
22/08/2023;85;corroded;3;4;46;46;M4;blurry picture
22/08/2023;85;corroded;3;5;45,3;45,3;M5;blurry picture
22/08/2023;85;non corroded;1;1;50,3;50,3;M1;
22/08/2023;85;non corroded;1;2;49,1;49,1;M2;
22/08/2023;85;non corroded;1;3;50,4;50,4;M3;
22/08/2023;85;non corroded;1;4;49,3;49,3;M4;
22/08/2023;85;non corroded;1;5;47,3;47,3;M5;
22/08/2023;85;non corroded;2;1;48,2;48,2;M1;
22/08/2023;85;non corroded;2;2;47;47;M2;
22/08/2023;85;non corroded;2;3;47,9;47,9;M3;
22/08/2023;85;non corroded;2;4;47,8;47,8;M4;
22/08/2023;85;non corroded;2;5;50,8;50,8;M5;
22/08/2023;85;non corroded;3;1;49,9;49,9;M1;
22/08/2023;85;non corroded;3;2;50,3;50,3;M2;
22/08/2023;85;non corroded;3;3;51,3;51,3;M3;
22/08/2023;85;non corroded;3;4;49,9;49,9;M4;
22/08/2023;85;non corroded;3;5;51,2;51,2;M5;
22/08/2023;90;corroded;1;1;49,1;49,1;M1;blurry picture
22/08/2023;90;corroded;1;2;49,7;49,7;M2;blurry picture
22/08/2023;90;corroded;1;3;50;50;M3;blurry picture
22/08/2023;90;corroded;1;4;49,3;49,3;M4;blurry picture
22/08/2023;90;corroded;1;5;48,9;48,9;M5;blurry picture
22/08/2023;90;corroded;2;1;47,4;47,4;M1;blurry picture
22/08/2023;90;corroded;2;2;45,4;45,4;M2;blurry picture
22/08/2023;90;corroded;2;3;45,2;45,2;M3;blurry picture
22/08/2023;90;corroded;2;4;44,9;44,9;M4;blurry picture
22/08/2023;90;corroded;2;5;44,1;44,1;M5;blurry picture
22/08/2023;90;non corroded;1;1;51;51;M1;blurry picture
22/08/2023;90;non corroded;1;2;52,7;52,7;M2;blurry picture
22/08/2023;90;non corroded;1;3;49,4;49,4;M3;blurry picture
22/08/2023;90;non corroded;1;4;53,9;53,9;M4;blurry picture
22/08/2023;90;non corroded;1;5;52,2;52,2;M5;blurry picture
22/08/2023;90;non corroded;2;1;52,4;52,4;M1;blurry picture
22/08/2023;90;non corroded;2;2;50,8;50,8;M2;blurry picture
22/08/2023;90;non corroded;2;3;52,8;52,8;M3;blurry picture
22/08/2023;90;non corroded;2;4;50,3;50,3;M4;blurry picture
22/08/2023;90;non corroded;2;5;51,5;51,5;M5;blurry picture
28/08/2023;0;corroded;1;1;34,2;34,2;M1;
28/08/2023;0;corroded;1;2;32,5;32,5;M2;
28/08/2023;0;corroded;1;3;33,9;33,9;M3;
28/08/2023;0;corroded;1;4;33,4;33,4;M4;
28/08/2023;0;corroded;1;5;34,4;34,4;M5;
28/08/2023;0;corroded;2;1;32,3;32,3;M1;
28/08/2023;0;corroded;2;2;33,4;33,4;M2;
28/08/2023;0;corroded;2;3;31,4;31,4;M3;
28/08/2023;0;corroded;2;4;31;31;M4;
28/08/2023;0;corroded;2;5;31,8;31,8;M5;
28/08/2023;0;corroded;3;1;33,3;33,3;M1;
28/08/2023;0;corroded;3;2;32;32;M2;
28/08/2023;0;corroded;3;3;31,7;31,7;M3;
28/08/2023;0;corroded;3;4;32;32;M4;
28/08/2023;0;corroded;3;5;29,3;29,3;M5;
28/08/2023;0;non corroded;1;1;34,2;34,2;M1;
28/08/2023;0;non corroded;1;2;34,8;34,8;M2;
28/08/2023;0;non corroded;1;3;34,2;34,2;M3;
28/08/2023;0;non corroded;1;4;34,3;34,3;M4;
28/08/2023;0;non corroded;1;5;35,1;35,1;M5;
28/08/2023;0;non corroded;2;1;33,6;33,6;M1;
28/08/2023;0;non corroded;2;2;32,2;32,2;M2;
28/08/2023;0;non corroded;2;3;33,2;33,2;M3;
28/08/2023;0;non corroded;2;4;32,1;32,1;M4;
28/08/2023;0;non corroded;2;5;33,2;33,2;M5;
28/08/2023;0;non corroded;3;1;33,9;33,9;M1;
28/08/2023;0;non corroded;3;2;31,6;31,6;M2;
28/08/2023;0;non corroded;3;3;32,3;32,3;M3;
28/08/2023;0;non corroded;3;4;33,8;33,8;M4;
28/08/2023;0;non corroded;3;5;33,4;33,4;M5;
28/08/2023;5;corroded;1;1;38,4;38,4;M1;blurry picture
28/08/2023;5;corroded;1;2;36,1;36,1;M2;blurry picture
28/08/2023;5;corroded;1;3;35,4;35,4;M3;blurry picture
28/08/2023;5;corroded;1;4;36,2;36,2;M4;blurry picture
28/08/2023;5;corroded;1;5;36,8;36,8;M5;blurry picture
28/08/2023;5;corroded;2;1;36,2;36,2;M1;blurry picture
28/08/2023;5;corroded;2;2;38,2;38,2;M2;blurry picture
28/08/2023;5;corroded;2;3;36,7;36,7;M3;blurry picture
28/08/2023;5;corroded;2;4;35,7;35,7;M4;blurry picture
28/08/2023;5;corroded;2;5;37;37;M5;blurry picture
28/08/2023;5;corroded;3;1;36,3;36,3;M1;blurry picture
28/08/2023;5;corroded;3;2;34,9;34,9;M2;blurry picture
28/08/2023;5;corroded;3;3;35,7;35,7;M3;blurry picture
28/08/2023;5;corroded;3;4;36;36;M4;blurry picture
28/08/2023;5;corroded;3;5;36,1;36,1;M5;blurry picture
28/08/2023;5;non corroded;1;1;38,4;38,4;M1;blurry picture
28/08/2023;5;non corroded;1;2;38,4;38,4;M2;blurry picture
28/08/2023;5;non corroded;1;3;40,9;40,9;M3;blurry picture
28/08/2023;5;non corroded;1;4;44,3;44,3;M4;blurry picture
28/08/2023;5;non corroded;1;5;38,7;38,7;M5;blurry picture
28/08/2023;5;non corroded;2;1;45,4;45,4;M1;blurry picture
28/08/2023;5;non corroded;2;2;41,5;41,5;M2;blurry picture
28/08/2023;5;non corroded;2;3;42,5;42,5;M3;blurry picture
28/08/2023;5;non corroded;2;4;49,7;49,7;M4;blurry picture
28/08/2023;5;non corroded;2;5;44,2;44,2;M5;blurry picture
28/08/2023;5;non corroded;3;1;37;37;M1;blurry picture
28/08/2023;5;non corroded;3;2;37,2;37,2;M2;blurry picture
28/08/2023;5;non corroded;3;3;36,7;36,7;M3;blurry picture
28/08/2023;5;non corroded;3;4;37,1;37,1;M4;blurry picture
28/08/2023;5;non corroded;3;5;37;37;M5;blurry picture
28/08/2023;10;corroded;1;1;37,7;37,7;M1;blurry picture
28/08/2023;10;corroded;1;2;38,4;38,4;M2;blurry picture
28/08/2023;10;corroded;1;3;37,5;37,5;M3;blurry picture
28/08/2023;10;corroded;1;4;36;36;M4;blurry picture
28/08/2023;10;corroded;1;5;37,2;37,2;M5;blurry picture
28/08/2023;10;corroded;2;1;35,3;35,3;M1;blurry picture
28/08/2023;10;corroded;2;2;37,2;37,2;M2;blurry picture
28/08/2023;10;corroded;2;3;35,8;35,8;M3;blurry picture
28/08/2023;10;corroded;2;4;35,2;35,2;M4;blurry picture
28/08/2023;10;corroded;2;5;36,3;36,3;M5;blurry picture
28/08/2023;10;corroded;3;1;36;36;M1;blurry picture
28/08/2023;10;corroded;3;2;34,9;34,9;M2;blurry picture
28/08/2023;10;corroded;3;3;35,8;35,8;M3;blurry picture
28/08/2023;10;corroded;3;4;34,2;34,2;M4;blurry picture
28/08/2023;10;corroded;3;5;35,6;35,6;M5;blurry picture
28/08/2023;10;non corroded;1;1;69,5;39,5;M1;harsh increase in temperature
28/08/2023;10;non corroded;1;2;68,6;38,6;M2;harsh increase in temperature
28/08/2023;10;non corroded;1;3;69,5;39,5;M3;harsh increase in temperature
28/08/2023;10;non corroded;1;4;69;39;M4;harsh increase in temperature
28/08/2023;10;non corroded;1;5;68,4;38,4;M5;harsh increase in temperature
28/08/2023;10;non corroded;2;1;39,5;39,5;M1;blurry picture
28/08/2023;10;non corroded;2;2;38,4;38,4;M2;blurry picture
28/08/2023;10;non corroded;2;3;39,1;39,1;M3;blurry picture
28/08/2023;10;non corroded;2;4;37,8;37,8;M4;blurry picture
28/08/2023;10;non corroded;2;5;39,5;39,5;M5;blurry picture
28/08/2023;10;non corroded;3;1;37,9;37,9;M1;blurry picture
28/08/2023;10;non corroded;3;2;38,9;38,9;M2;blurry picture
28/08/2023;10;non corroded;3;3;38,9;38,9;M3;blurry picture
28/08/2023;10;non corroded;3;4;38,7;38,7;M4;blurry picture
28/08/2023;10;non corroded;3;5;39,9;39,9;M5;blurry picture
28/08/2023;15;corroded;1;1;62,4;32,4;M1;harsh increase in temperature
28/08/2023;15;corroded;1;2;62,8;32,8;M2;harsh increase in temperature
28/08/2023;15;corroded;1;3;61,1;31,1;M3;harsh increase in temperature
28/08/2023;15;corroded;1;4;60,1;30,1;M4;harsh increase in temperature
28/08/2023;15;corroded;1;5;64;34;M5;harsh increase in temperature
28/08/2023;15;corroded;2;1;57,1;27,1;M1;harsh increase in temperature
28/08/2023;15;corroded;2;2;61,7;31,7;M2;harsh increase in temperature
28/08/2023;15;corroded;2;3;56,6;26,6;M3;harsh increase in temperature
28/08/2023;15;corroded;2;4;58,5;28,5;M4;harsh increase in temperature
28/08/2023;15;corroded;2;5;62,3;32,3;M5;harsh increase in temperature
28/08/2023;15;corroded;3;1;61;31;M1;harsh increase in temperature
28/08/2023;15;corroded;3;2;64,3;34,3;M2;harsh increase in temperature
28/08/2023;15;corroded;3;3;59,5;29,5;M3;harsh increase in temperature
28/08/2023;15;corroded;3;4;63,7;33,7;M4;harsh increase in temperature
28/08/2023;15;corroded;3;5;65,5;35,5;M5;harsh increase in temperature
28/08/2023;15;non corroded;1;1;67,6;37,6;M1;harsh increase in temperature
28/08/2023;15;non corroded;1;2;66,6;36,6;M2;harsh increase in temperature
28/08/2023;15;non corroded;1;3;58,7;28,7;M3;harsh increase in temperature
28/08/2023;15;non corroded;1;4;57;27;M4;harsh increase in temperature
28/08/2023;15;non corroded;1;5;59,2;29,2;M5;harsh increase in temperature
28/08/2023;15;non corroded;2;1;59,8;29,8;M1;harsh increase in temperature
28/08/2023;15;non corroded;2;2;64,4;34,4;M2;harsh increase in temperature
28/08/2023;15;non corroded;2;3;64,7;34,7;M3;harsh increase in temperature
28/08/2023;15;non corroded;2;4;63,1;33,1;M4;harsh increase in temperature
28/08/2023;15;non corroded;2;5;65,6;35,6;M5;harsh increase in temperature
28/08/2023;15;non corroded;3;1;66,9;36,9;M1;harsh increase in temperature
28/08/2023;15;non corroded;3;2;66,8;36,8;M2;harsh increase in temperature
28/08/2023;15;non corroded;3;3;64,5;34,5;M3;harsh increase in temperature
28/08/2023;15;non corroded;3;4;65,8;35,8;M4;harsh increase in temperature
28/08/2023;15;non corroded;3;5;68;38;M5;harsh increase in temperature
28/08/2023;20;corroded;1;1;36,2;36,2;M1;blurry picture
28/08/2023;20;corroded;1;2;38,1;38,1;M2;blurry picture
28/08/2023;20;corroded;1;3;36;36;M3;blurry picture
28/08/2023;20;corroded;1;4;38,5;38,5;M4;blurry picture
28/08/2023;20;corroded;1;5;38,2;38,2;M5;blurry picture
28/08/2023;20;corroded;2;1;37,8;37,8;M1;blurry picture
28/08/2023;20;corroded;2;2;39,8;39,8;M2;blurry picture
28/08/2023;20;corroded;2;3;39,2;39,2;M3;blurry picture
28/08/2023;20;corroded;2;4;39,7;39,7;M4;blurry picture
28/08/2023;20;corroded;2;5;38,3;38,3;M5;blurry picture
28/08/2023;20;corroded;3;1;38,3;38,3;M1;blurry picture
28/08/2023;20;corroded;3;2;37,1;37,1;M2;blurry picture
28/08/2023;20;corroded;3;3;37,7;37,7;M3;blurry picture
28/08/2023;20;corroded;3;4;37,7;37,7;M4;blurry picture
28/08/2023;20;corroded;3;5;38;38;M5;blurry picture
28/08/2023;20;non corroded;1;1;40,8;40,8;M1;
28/08/2023;20;non corroded;1;2;41,5;41,5;M2;
28/08/2023;20;non corroded;1;3;43,3;43,3;M3;
28/08/2023;20;non corroded;1;4;40,8;40,8;M4;
28/08/2023;20;non corroded;1;5;41;41;M5;
28/08/2023;20;non corroded;2;1;44,7;44,7;M1;blurry picture
28/08/2023;20;non corroded;2;2;43,1;43,1;M2;blurry picture
28/08/2023;20;non corroded;2;3;47,5;47,5;M3;blurry picture
28/08/2023;20;non corroded;2;4;41,4;41,4;M4;blurry picture
28/08/2023;20;non corroded;2;5;40,9;40,9;M5;blurry picture
28/08/2023;20;non corroded;3;1;42,6;42,6;M1;blurry picture
28/08/2023;20;non corroded;3;2;42;42;M2;blurry picture
28/08/2023;20;non corroded;3;3;40,4;40,4;M3;blurry picture
28/08/2023;20;non corroded;3;4;42,6;42,6;M4;blurry picture
28/08/2023;20;non corroded;3;5;41,2;41,2;M5;blurry picture
28/08/2023;25;corroded;1;1;75,6;45,6;M1;harsh increase in temperature
28/08/2023;25;corroded;1;2;76,2;46,2;M2;harsh increase in temperature
28/08/2023;25;corroded;1;3;76,8;46,8;M3;harsh increase in temperature
28/08/2023;25;corroded;1;4;76,6;46,6;M4;harsh increase in temperature
28/08/2023;25;corroded;1;5;76,8;46,8;M5;harsh increase in temperature
28/08/2023;25;corroded;2;1;74,8;44,8;M1;harsh increase in temperature
28/08/2023;25;corroded;2;2;75,9;45,9;M2;harsh increase in temperature
28/08/2023;25;corroded;2;3;75,2;45,2;M3;harsh increase in temperature
28/08/2023;25;corroded;2;4;74,5;44,5;M4;harsh increase in temperature
28/08/2023;25;corroded;2;5;74,8;44,8;M5;harsh increase in temperature
28/08/2023;25;corroded;3;1;75,4;45,4;M1;harsh increase in temperature
28/08/2023;25;corroded;3;2;75,8;45,8;M2;harsh increase in temperature
28/08/2023;25;corroded;3;3;75,9;45,9;M3;harsh increase in temperature
28/08/2023;25;corroded;3;4;74,3;44,3;M4;harsh increase in temperature
28/08/2023;25;corroded;3;5;74,4;44,4;M5;harsh increase in temperature
28/08/2023;25;non corroded;1;1;79,7;49,7;M1;harsh increase in temperature
28/08/2023;25;non corroded;1;2;78,6;48,6;M2;harsh increase in temperature
28/08/2023;25;non corroded;1;3;77;47;M3;harsh increase in temperature
28/08/2023;25;non corroded;1;4;78,9;48,9;M4;harsh increase in temperature
28/08/2023;25;non corroded;1;5;79,3;49,3;M5;harsh increase in temperature
28/08/2023;25;non corroded;2;1;76,9;46,9;M1;harsh increase in temperature
28/08/2023;25;non corroded;2;2;77,9;47,9;M2;harsh increase in temperature
28/08/2023;25;non corroded;2;3;77,6;47,6;M3;harsh increase in temperature
28/08/2023;25;non corroded;2;4;77,3;47,3;M4;harsh increase in temperature
28/08/2023;25;non corroded;2;5;78,9;48,9;M5;harsh increase in temperature
28/08/2023;25;non corroded;3;1;77,3;47,3;M1;harsh increase in temperature
28/08/2023;25;non corroded;3;2;78,3;48,3;M2;harsh increase in temperature
28/08/2023;25;non corroded;3;3;77,3;47,3;M3;harsh increase in temperature
28/08/2023;25;non corroded;3;4;77,3;47,3;M4;harsh increase in temperature
28/08/2023;25;non corroded;3;5;78;48;M5;harsh increase in temperature
28/08/2023;30;corroded;1;1;45,1;45,1;M1;blurry picture
28/08/2023;30;corroded;1;2;43,4;43,4;M2;blurry picture
28/08/2023;30;corroded;1;3;44,2;44,2;M3;blurry picture
28/08/2023;30;corroded;1;4;45;45;M4;blurry picture
28/08/2023;30;corroded;1;5;42,4;42,4;M5;blurry picture
28/08/2023;30;corroded;2;1;43,5;43,5;M1;blurry picture
28/08/2023;30;corroded;2;2;41,3;41,3;M2;blurry picture
28/08/2023;30;corroded;2;3;43,2;43,2;M3;blurry picture
28/08/2023;30;corroded;2;4;42,6;42,6;M4;blurry picture
28/08/2023;30;corroded;2;5;39,6;39,6;M5;blurry picture
28/08/2023;30;corroded;3;1;41,8;41,8;M1;blurry picture
28/08/2023;30;corroded;3;2;42,1;42,1;M2;blurry picture
28/08/2023;30;corroded;3;3;42,5;42,5;M3;blurry picture
28/08/2023;30;corroded;3;4;40,6;40,6;M4;blurry picture
28/08/2023;30;corroded;3;5;40,4;40,4;M5;blurry picture
28/08/2023;30;non corroded;1;1;78,9;48,9;M1;harsh increase in temperature
28/08/2023;30;non corroded;1;2;79,9;49,9;M2;harsh increase in temperature
28/08/2023;30;non corroded;1;3;79,9;49,9;M3;harsh increase in temperature
28/08/2023;30;non corroded;1;4;80,6;50,6;M4;harsh increase in temperature
28/08/2023;30;non corroded;1;5;80,5;50,5;M5;harsh increase in temperature
28/08/2023;30;non corroded;2;1;48;48;M1;blurry picture
28/08/2023;30;non corroded;2;2;47,2;47,2;M2;blurry picture
28/08/2023;30;non corroded;2;3;45,4;45,4;M3;blurry picture
28/08/2023;30;non corroded;2;4;45;45;M4;blurry picture
28/08/2023;30;non corroded;2;5;45,1;45,1;M5;blurry picture
28/08/2023;30;non corroded;3;1;44,5;44,5;M1;blurry picture
28/08/2023;30;non corroded;3;2;45,6;45,6;M2;blurry picture
28/08/2023;30;non corroded;3;3;49,7;49,7;M3;blurry picture
28/08/2023;30;non corroded;3;4;45,9;45,9;M4;blurry picture
28/08/2023;30;non corroded;3;5;44,7;44,7;M5;blurry picture
28/08/2023;35;corroded;1;1;45;45;M1;blurry picture
28/08/2023;35;corroded;1;2;45,6;45,6;M2;blurry picture
28/08/2023;35;corroded;1;3;44,9;44,9;M3;blurry picture
28/08/2023;35;corroded;1;4;45,2;45,2;M4;blurry picture
28/08/2023;35;corroded;1;5;45,3;45,3;M5;blurry picture
28/08/2023;35;corroded;2;1;43,1;43,1;M1;blurry picture
28/08/2023;35;corroded;2;2;43,2;43,2;M2;blurry picture
28/08/2023;35;corroded;2;3;40,8;40,8;M3;blurry picture
28/08/2023;35;corroded;2;4;43,6;43,6;M4;blurry picture
28/08/2023;35;corroded;2;5;39,9;39,9;M5;blurry picture
28/08/2023;35;corroded;3;1;42;42;M1;blurry picture
28/08/2023;35;corroded;3;2;41,2;41,2;M2;blurry picture
28/08/2023;35;corroded;3;3;40,9;40,9;M3;blurry picture
28/08/2023;35;corroded;3;4;43,1;43,1;M4;blurry picture
28/08/2023;35;corroded;3;5;42,4;42,4;M5;blurry picture
28/08/2023;35;non corroded;1;1;81;51;M1;harsh increase in temperature
28/08/2023;35;non corroded;1;2;78,7;48,7;M2;harsh increase in temperature
28/08/2023;35;non corroded;1;3;80,2;50,2;M3;harsh increase in temperature
28/08/2023;35;non corroded;1;4;80,9;50,9;M4;harsh increase in temperature
28/08/2023;35;non corroded;1;5;80,3;50,3;M5;harsh increase in temperature
28/08/2023;35;non corroded;2;1;44;44;M1;blurry picture
28/08/2023;35;non corroded;2;2;44,4;44,4;M2;blurry picture
28/08/2023;35;non corroded;2;3;45,4;45,4;M3;blurry picture
28/08/2023;35;non corroded;2;4;44,2;44,2;M4;blurry picture
28/08/2023;35;non corroded;2;5;45,3;45,3;M5;blurry picture
28/08/2023;35;non corroded;3;1;46;46;M1;blurry picture
28/08/2023;35;non corroded;3;2;44,3;44,3;M2;blurry picture
28/08/2023;35;non corroded;3;3;44,1;44,1;M3;blurry picture
28/08/2023;35;non corroded;3;4;44,3;44,3;M4;blurry picture
28/08/2023;35;non corroded;3;5;46,3;46,3;M5;blurry picture
28/08/2023;40;corroded;1;1;80,6;50,6;M1;harsh increase in temperature
28/08/2023;40;corroded;1;2;80,2;50,2;M2;harsh increase in temperature
28/08/2023;40;corroded;1;3;79,6;49,6;M3;harsh increase in temperature
28/08/2023;40;corroded;1;4;79,5;49,5;M4;harsh increase in temperature
28/08/2023;40;corroded;1;5;80,7;50,7;M5;harsh increase in temperature
28/08/2023;40;corroded;2;1;77,5;47,5;M1;harsh increase in temperature
28/08/2023;40;corroded;2;2;78,9;48,9;M2;harsh increase in temperature
28/08/2023;40;corroded;2;3;76,8;46,8;M3;harsh increase in temperature
28/08/2023;40;corroded;2;4;76,6;46,6;M4;harsh increase in temperature
28/08/2023;40;corroded;2;5;78,3;48,3;M5;harsh increase in temperature
28/08/2023;40;corroded;3;1;45,4;45,4;M1;blurry picture
28/08/2023;40;corroded;3;2;44,6;44,6;M2;blurry picture
28/08/2023;40;corroded;3;3;45,1;45,1;M3;blurry picture
28/08/2023;40;corroded;3;4;45,6;45,6;M4;blurry picture
28/08/2023;40;corroded;3;5;44,2;44,2;M5;blurry picture
28/08/2023;40;non corroded;1;1;82;52;M1;harsh increase in temperature
28/08/2023;40;non corroded;1;2;80,7;50,7;M2;harsh increase in temperature
28/08/2023;40;non corroded;1;3;79,5;49,5;M3;harsh increase in temperature
28/08/2023;40;non corroded;1;4;81,3;51,3;M4;harsh increase in temperature
28/08/2023;40;non corroded;1;5;81,1;51,1;M5;harsh increase in temperature
28/08/2023;40;non corroded;2;1;78,4;48,4;M1;harsh increase in temperature
28/08/2023;40;non corroded;2;2;78,1;48,1;M2;harsh increase in temperature
28/08/2023;40;non corroded;2;3;79,7;49,7;M3;harsh increase in temperature
28/08/2023;40;non corroded;2;4;79,6;49,6;M4;harsh increase in temperature
28/08/2023;40;non corroded;2;5;79,4;49,4;M5;harsh increase in temperature
28/08/2023;40;non corroded;3;1;79,7;49,7;M1;harsh increase in temperature
28/08/2023;40;non corroded;3;2;81,4;51,4;M2;harsh increase in temperature
28/08/2023;40;non corroded;3;3;80,2;50,2;M3;harsh increase in temperature
28/08/2023;40;non corroded;3;4;79,8;49,8;M4;harsh increase in temperature
28/08/2023;40;non corroded;3;5;79,4;49,4;M5;harsh increase in temperature
28/08/2023;45;corroded;2;1;45,9;45,9;M1;blurry picture
28/08/2023;45;corroded;2;2;46,9;46,9;M2;blurry picture
28/08/2023;45;corroded;2;3;46,1;46,1;M3;blurry picture
28/08/2023;45;corroded;2;4;46;46;M4;blurry picture
28/08/2023;45;corroded;2;5;46,4;46,4;M5;blurry picture
28/08/2023;50;corroded;1;1;43,4;43,4;M1;
28/08/2023;50;corroded;1;2;43,7;43,7;M2;
28/08/2023;50;corroded;1;3;42,4;42,4;M3;
28/08/2023;50;corroded;1;4;43,8;43,8;M4;
28/08/2023;50;corroded;1;5;40,7;40,7;M5;
28/08/2023;50;corroded;2;1;42,4;42,4;M1;
28/08/2023;50;corroded;2;2;43,5;43,5;M2;
28/08/2023;50;corroded;2;3;43,3;43,3;M3;
28/08/2023;50;corroded;2;4;43,5;43,5;M4;
28/08/2023;50;corroded;2;5;41,7;41,7;M5;
28/08/2023;50;corroded;3;1;45,4;45,4;M1;
28/08/2023;50;corroded;3;2;41,2;41,2;M2;
28/08/2023;50;corroded;3;3;44,3;44,3;M3;
28/08/2023;50;corroded;3;4;40,9;40,9;M4;
28/08/2023;50;corroded;3;5;41,4;41,4;M5;
28/08/2023;50;non corroded;1;1;49,8;49,8;M1;
28/08/2023;50;non corroded;1;2;51,5;51,5;M2;
28/08/2023;50;non corroded;1;3;50,9;50,9;M3;
28/08/2023;50;non corroded;1;4;49,5;49,5;M4;
28/08/2023;50;non corroded;1;5;51,1;51,1;M5;
28/08/2023;50;non corroded;2;1;48,1;48,1;M1;
28/08/2023;50;non corroded;2;2;47,3;47,3;M2;
28/08/2023;50;non corroded;2;3;48,2;48,2;M3;
28/08/2023;50;non corroded;2;4;48,2;48,2;M4;
28/08/2023;50;non corroded;2;5;47,2;47,2;M5;
28/08/2023;50;non corroded;3;1;46,5;46,5;M1;
28/08/2023;50;non corroded;3;2;47,3;47,3;M2;
28/08/2023;50;non corroded;3;3;48,8;48,8;M3;
28/08/2023;50;non corroded;3;4;48;48;M4;
28/08/2023;50;non corroded;3;5;47,2;47,2;M5;
28/08/2023;55;corroded;1;1;83;53;M1;harsh increase in temperature
28/08/2023;55;corroded;1;2;82,6;52,6;M2;harsh increase in temperature
28/08/2023;55;corroded;1;3;83,1;53,1;M3;harsh increase in temperature
28/08/2023;55;corroded;1;4;81,9;51,9;M4;harsh increase in temperature
28/08/2023;55;corroded;1;5;83,1;53,1;M5;harsh increase in temperature
28/08/2023;55;corroded;2;1;81,4;51,4;M1;harsh increase in temperature
28/08/2023;55;corroded;2;2;81,8;51,8;M2;harsh increase in temperature
28/08/2023;55;corroded;2;3;82,2;52,2;M3;harsh increase in temperature
28/08/2023;55;corroded;2;4;80,5;50,5;M4;harsh increase in temperature
28/08/2023;55;corroded;2;5;80,6;50,6;M5;harsh increase in temperature
28/08/2023;55;corroded;3;1;80,6;50,6;M1;harsh increase in temperature
28/08/2023;55;corroded;3;2;82,4;52,4;M2;harsh increase in temperature
28/08/2023;55;corroded;3;3;79,6;49,6;M3;harsh increase in temperature
28/08/2023;55;corroded;3;4;81;51;M4;harsh increase in temperature
28/08/2023;55;corroded;3;5;82,2;52,2;M5;harsh increase in temperature
28/08/2023;55;non corroded;1;1;83,7;53,7;M1;harsh increase in temperature
28/08/2023;55;non corroded;1;2;83,8;53,8;M2;harsh increase in temperature
28/08/2023;55;non corroded;1;3;85,4;55,4;M3;harsh increase in temperature
28/08/2023;55;non corroded;1;4;84,7;54,7;M4;harsh increase in temperature
28/08/2023;55;non corroded;1;5;84;54;M5;harsh increase in temperature
28/08/2023;55;non corroded;2;1;84,1;54,1;M1;harsh increase in temperature
28/08/2023;55;non corroded;2;2;85,2;55,2;M2;harsh increase in temperature
28/08/2023;55;non corroded;2;3;85,1;55,1;M3;harsh increase in temperature
28/08/2023;55;non corroded;2;4;86,3;56,3;M4;harsh increase in temperature
28/08/2023;55;non corroded;2;5;85,2;55,2;M5;harsh increase in temperature
28/08/2023;55;non corroded;3;1;84,1;54,1;M1;harsh increase in temperature
28/08/2023;55;non corroded;3;2;84,7;54,7;M2;harsh increase in temperature
28/08/2023;55;non corroded;3;3;83,5;53,5;M3;harsh increase in temperature
28/08/2023;55;non corroded;3;4;84,7;54,7;M4;harsh increase in temperature
28/08/2023;55;non corroded;3;5;83,8;53,8;M5;harsh increase in temperature
28/08/2023;60;corroded;1;1;51,6;51,6;M1;blurry picture
28/08/2023;60;corroded;1;2;52,6;52,6;M2;blurry picture
28/08/2023;60;corroded;1;3;51,5;51,5;M3;blurry picture
28/08/2023;60;corroded;1;4;48,9;48,9;M4;blurry picture
28/08/2023;60;corroded;1;5;47,7;47,7;M5;blurry picture
28/08/2023;60;corroded;2;1;47,1;47,1;M1;
28/08/2023;60;corroded;2;2;47,7;47,7;M2;
28/08/2023;60;corroded;2;3;46,3;46,3;M3;
28/08/2023;60;corroded;2;4;46,5;46,5;M4;
28/08/2023;60;corroded;2;5;46,1;46,1;M5;
28/08/2023;60;corroded;3;1;43,2;43,2;M1;
28/08/2023;60;corroded;3;2;48,1;48,1;M2;
28/08/2023;60;corroded;3;3;46,1;46,1;M3;
28/08/2023;60;corroded;3;4;48,5;48,5;M4;
28/08/2023;60;corroded;3;5;48;48;M5;
28/08/2023;60;non corroded;1;1;87,3;57,3;M1;harsh increase in temperature
28/08/2023;60;non corroded;1;2;85,1;55,1;M2;harsh increase in temperature
28/08/2023;60;non corroded;1;3;85,1;55,1;M3;harsh increase in temperature
28/08/2023;60;non corroded;1;4;84,5;54,5;M4;harsh increase in temperature
28/08/2023;60;non corroded;1;5;88,1;58,1;M5;harsh increase in temperature
28/08/2023;60;non corroded;2;1;51;51;M1;
28/08/2023;60;non corroded;2;2;53,1;53,1;M2;
28/08/2023;60;non corroded;2;3;51,4;51,4;M3;
28/08/2023;60;non corroded;2;4;50,8;50,8;M4;
28/08/2023;60;non corroded;2;5;50,8;50,8;M5;
28/08/2023;60;non corroded;3;1;58,3;58,3;M1;
28/08/2023;60;non corroded;3;2;52;52;M2;
28/08/2023;60;non corroded;3;3;51,1;51,1;M3;
28/08/2023;60;non corroded;3;4;50,2;50,2;M4;
28/08/2023;60;non corroded;3;5;50,5;50,5;M5;
28/08/2023;70;corroded;1;1;48;48;M1;blurry picture
28/08/2023;70;corroded;1;2;48;48;M2;blurry picture
28/08/2023;70;corroded;1;3;48,9;48,9;M3;blurry picture
28/08/2023;70;corroded;1;4;50,5;50,5;M4;blurry picture
28/08/2023;70;corroded;1;5;49,1;49,1;M5;blurry picture
28/08/2023;70;corroded;2;1;46,1;46,1;M1;blurry picture
28/08/2023;70;corroded;2;2;45,4;45,4;M2;blurry picture
28/08/2023;70;corroded;2;3;43,3;43,3;M3;blurry picture
28/08/2023;70;corroded;2;4;46,8;46,8;M4;blurry picture
28/08/2023;70;corroded;2;5;47;47;M5;blurry picture
28/08/2023;70;corroded;3;1;48;48;M1;blurry picture
28/08/2023;70;corroded;3;2;44,2;44,2;M2;blurry picture
28/08/2023;70;corroded;3;3;43;43;M3;blurry picture
28/08/2023;70;corroded;3;4;47,7;47,7;M4;blurry picture
28/08/2023;70;corroded;3;5;48,4;48,4;M5;blurry picture
28/08/2023;70;non corroded;1;1;76,5;46,5;M1;harsh increase in temperature
28/08/2023;70;non corroded;1;2;78;48;M2;harsh increase in temperature
28/08/2023;70;non corroded;1;3;75,3;45,3;M3;harsh increase in temperature
28/08/2023;70;non corroded;1;4;79,98;49,98;M4;harsh increase in temperature
28/08/2023;70;non corroded;1;5;79,7;49,7;M5;harsh increase in temperature
28/08/2023;70;non corroded;2;1;49,2;49,2;M1;blurry picture
28/08/2023;70;non corroded;2;2;51;51;M2;blurry picture
28/08/2023;70;non corroded;2;3;50,9;50,9;M3;blurry picture
28/08/2023;70;non corroded;2;4;52,9;52,9;M4;blurry picture
28/08/2023;70;non corroded;2;5;49,3;49,3;M5;blurry picture
28/08/2023;70;non corroded;3;1;49,7;49,7;M1;blurry picture
28/08/2023;70;non corroded;3;2;50,3;50,3;M2;blurry picture
28/08/2023;70;non corroded;3;3;49,1;49,1;M3;blurry picture
28/08/2023;70;non corroded;3;4;50,4;50,4;M4;blurry picture
28/08/2023;70;non corroded;3;5;50,5;50,5;M5;blurry picture
28/08/2023;75;corroded;1;1;75,3;45,3;M1;harsh increase in temperature
28/08/2023;75;corroded;1;2;75,4;45,4;M2;harsh increase in temperature
28/08/2023;75;corroded;1;3;74,7;44,7;M3;harsh increase in temperature
28/08/2023;75;corroded;1;4;72,8;42,8;M4;harsh increase in temperature
28/08/2023;75;corroded;1;5;70,3;40,3;M5;harsh increase in temperature
28/08/2023;75;corroded;2;1;72,8;42,8;M1;harsh increase in temperature
28/08/2023;75;corroded;2;2;73,8;43,8;M2;harsh increase in temperature
28/08/2023;75;corroded;2;3;68,7;38,7;M3;harsh increase in temperature
28/08/2023;75;corroded;2;4;68,7;38,7;M4;harsh increase in temperature
28/08/2023;75;corroded;2;5;72,4;42,4;M5;harsh increase in temperature
28/08/2023;75;corroded;3;1;46,9;46,9;M1;blurry picture
28/08/2023;75;corroded;3;2;47,1;47,1;M2;blurry picture
28/08/2023;75;corroded;3;3;47,7;47,7;M3;blurry picture
28/08/2023;75;corroded;3;4;43,7;43,7;M4;blurry picture
28/08/2023;75;corroded;3;5;47,5;47,5;M5;blurry picture
28/08/2023;75;non corroded;1;1;78;48;M1;harsh increase in temperature
28/08/2023;75;non corroded;1;2;73,9;43,9;M2;harsh increase in temperature
28/08/2023;75;non corroded;1;3;73,3;43,3;M3;harsh increase in temperature
28/08/2023;75;non corroded;1;4;77,7;47,7;M4;harsh increase in temperature
28/08/2023;75;non corroded;1;5;76,1;46,1;M5;harsh increase in temperature
28/08/2023;75;non corroded;2;1;73,1;43,1;M1;harsh increase in temperature
28/08/2023;75;non corroded;2;2;76,2;46,2;M2;harsh increase in temperature
28/08/2023;75;non corroded;2;3;74,7;44,7;M3;harsh increase in temperature
28/08/2023;75;non corroded;2;4;76,5;46,5;M4;harsh increase in temperature
28/08/2023;75;non corroded;2;5;74,4;44,4;M5;harsh increase in temperature
28/08/2023;75;non corroded;3;1;47,5;47,5;M1;blurry picture
28/08/2023;75;non corroded;3;2;49,7;49,7;M2;blurry picture
28/08/2023;75;non corroded;3;3;47,5;47,5;M3;blurry picture
28/08/2023;75;non corroded;3;4;49,2;49,2;M4;blurry picture
28/08/2023;75;non corroded;3;5;47,3;47,3;M5;blurry picture
28/08/2023;80;corroded;1;1;85,1;55,1;M1;harsh increase in temperature
28/08/2023;80;corroded;1;2;83;53;M2;harsh increase in temperature
28/08/2023;80;corroded;1;3;82,7;52,7;M3;harsh increase in temperature
28/08/2023;80;corroded;1;4;82,9;52,9;M4;harsh increase in temperature
28/08/2023;80;corroded;1;5;82,4;52,4;M5;harsh increase in temperature
28/08/2023;80;corroded;2;1;46,3;46,3;M1;blurry picture
28/08/2023;80;corroded;2;2;46,5;46,5;M2;blurry picture
28/08/2023;80;corroded;2;3;42,2;42,2;M3;blurry picture
28/08/2023;80;corroded;2;4;46,6;46,6;M4;blurry picture
28/08/2023;80;corroded;2;5;44,3;44,3;M5;blurry picture
28/08/2023;80;corroded;3;1;46,6;46,6;M1;blurry picture
28/08/2023;80;corroded;3;2;45,9;45,9;M2;blurry picture
28/08/2023;80;corroded;3;3;44,5;44,5;M3;blurry picture
28/08/2023;80;corroded;3;4;45,5;45,5;M4;blurry picture
28/08/2023;80;corroded;3;5;43,5;43,5;M5;blurry picture
28/08/2023;80;non corroded;1;1;88,5;58,5;M1;harsh increase in temperature
28/08/2023;80;non corroded;1;2;85,4;55,4;M2;harsh increase in temperature
28/08/2023;80;non corroded;1;3;87,7;57,7;M3;harsh increase in temperature
28/08/2023;80;non corroded;1;4;88,7;58,7;M4;harsh increase in temperature
28/08/2023;80;non corroded;1;5;86;56;M5;harsh increase in temperature
28/08/2023;80;non corroded;2;1;85,1;55,1;M1;harsh increase in temperature
28/08/2023;80;non corroded;2;2;84,3;54,3;M2;harsh increase in temperature
28/08/2023;80;non corroded;2;3;84,4;54,4;M3;harsh increase in temperature
28/08/2023;80;non corroded;2;4;83,3;53,3;M4;harsh increase in temperature
28/08/2023;80;non corroded;2;5;86,7;56,7;M5;harsh increase in temperature
28/08/2023;80;non corroded;3;1;49,3;49,3;M1;blurry picture
28/08/2023;80;non corroded;3;2;52;52;M2;blurry picture
28/08/2023;80;non corroded;3;3;50,3;50,3;M3;blurry picture
28/08/2023;80;non corroded;3;4;48,2;48,2;M4;blurry picture
28/08/2023;80;non corroded;3;5;48,8;48,8;M5;blurry picture
28/08/2023;85;corroded;1;1;48,1;48,1;M1;blurry picture
28/08/2023;85;corroded;1;2;47,6;47,6;M2;blurry picture
28/08/2023;85;corroded;1;3;47,1;47,1;M3;blurry picture
28/08/2023;85;corroded;1;4;48,3;48,3;M4;blurry picture
28/08/2023;85;corroded;1;5;45,1;45,1;M5;blurry picture
28/08/2023;85;corroded;2;1;45,6;45,6;M1;blurry picture
28/08/2023;85;corroded;2;2;48,5;48,5;M2;blurry picture
28/08/2023;85;corroded;2;3;47,6;47,6;M3;blurry picture
28/08/2023;85;corroded;2;4;47,2;47,2;M4;blurry picture
28/08/2023;85;corroded;2;5;48,3;48,3;M5;blurry picture
28/08/2023;85;corroded;3;1;48,2;48,2;M1;blurry picture
28/08/2023;85;corroded;3;2;48,3;48,3;M2;blurry picture
28/08/2023;85;corroded;3;3;49,7;49,7;M3;blurry picture
28/08/2023;85;corroded;3;4;48,4;48,4;M4;blurry picture
28/08/2023;85;corroded;3;5;49,9;49,9;M5;blurry picture
28/08/2023;85;non corroded;1;1;74,1;44,1;M1;harsh increase in temperature
28/08/2023;85;non corroded;1;2;72,8;42,8;M2;harsh increase in temperature
28/08/2023;85;non corroded;1;3;73,8;43,8;M3;harsh increase in temperature
28/08/2023;85;non corroded;1;4;78,2;48,2;M4;harsh increase in temperature
28/08/2023;85;non corroded;1;5;75,3;45,3;M5;harsh increase in temperature
28/08/2023;85;non corroded;2;1;50,3;50,3;M1;blurry picture
28/08/2023;85;non corroded;2;2;51,3;51,3;M2;blurry picture
28/08/2023;85;non corroded;2;3;54,8;54,8;M3;blurry picture
28/08/2023;85;non corroded;2;4;54,8;54,8;M4;blurry picture
28/08/2023;85;non corroded;2;5;52,1;52,1;M5;blurry picture
28/08/2023;85;non corroded;3;1;59,1;59,1;M1;blurry picture
28/08/2023;85;non corroded;3;2;52,7;52,7;M2;blurry picture
28/08/2023;85;non corroded;3;3;51,8;51,8;M3;blurry picture
28/08/2023;85;non corroded;3;4;50,3;50,3;M4;blurry picture
28/08/2023;85;non corroded;3;5;49,8;49,8;M5;blurry picture
28/08/2023;90;corroded;1;1;47,3;47,3;M1;blurry picture
28/08/2023;90;corroded;1;2;44,3;44,3;M2;blurry picture
28/08/2023;90;corroded;1;3;48,7;48,7;M3;blurry picture
28/08/2023;90;corroded;1;4;48,5;48,5;M4;blurry picture
28/08/2023;90;corroded;1;5;46,5;46,5;M5;blurry picture
28/08/2023;90;corroded;2;1;42,9;42,9;M1;blurry picture
28/08/2023;90;corroded;2;2;44,7;44,7;M2;blurry picture
28/08/2023;90;corroded;2;3;43,8;43,8;M3;blurry picture
28/08/2023;90;corroded;2;4;42,7;42,7;M4;blurry picture
28/08/2023;90;corroded;2;5;45,3;45,3;M5;blurry picture
28/08/2023;90;corroded;3;1;45,3;45,3;M1;blurry picture
28/08/2023;90;corroded;3;2;45,4;45,4;M2;blurry picture
28/08/2023;90;corroded;3;3;44,2;44,2;M3;blurry picture
28/08/2023;90;corroded;3;4;45,5;45,5;M4;blurry picture
28/08/2023;90;corroded;3;5;46;46;M5;blurry picture
28/08/2023;90;non corroded;2;1;46,9;46,9;M1;blurry picture
28/08/2023;90;non corroded;2;2;50,4;50,4;M2;blurry picture
28/08/2023;90;non corroded;2;3;49,4;49,4;M3;blurry picture
28/08/2023;90;non corroded;2;4;48,8;48,8;M4;blurry picture
28/08/2023;90;non corroded;2;5;48,1;48,1;M5;blurry picture
28/08/2023;90;non corroded;3;1;52,1;52,1;M1;blurry picture
28/08/2023;90;non corroded;3;2;49,1;49,1;M2;blurry picture
28/08/2023;90;non corroded;3;3;46,8;46,8;M3;blurry picture
28/08/2023;90;non corroded;3;4;50,9;50,9;M4;blurry picture
28/08/2023;90;non corroded;3;5;48,2;48,2;M5;blurry picture
